stock_owner,max_score,avg_score,signal_days,total_turnover,max_daily_turnover
US.AMD,94.87,87.62,3,2879637296.0,1326292081.0
US.INTC,93.82,91.52333333333333,3,1023410957.0,614227374.0
US.MU,92.82,91.92333333333333,3,2931810896.0,1377912960.0
US.DDOG,88.6,80.60666666666667,3,159733389.0,114288497.0
US.QCOM,88.6,85.41333333333334,3,659502271.0,279692126.0
US.SNDK,88.28,81.21666666666667,3,717879089.0,321801092.0
US.AAPL,88.05,82.74666666666667,3,1150766784.0,500579185.0
US.GOOG,88.02,80.94666666666666,3,318767182.0,176719342.0
US.ARM,87.84,74.95666666666666,3,250634961.0,178384149.0
US.RKLB,87.77,87.77,1,160697746.0,160697746.0
US.DELL,87.62,85.16000000000001,3,109907605.0,51773351.0
US.GOOGL,87.45,76.29,3,639955505.0,324826937.0
US.NVDA,87.35,80.94333333333333,3,2840206632.0,1111487886.0
US.TSLA,86.13,84.02666666666666,3,3558320371.0,1430501277.0
US.GLW,85.64,73.76666666666667,3,135963620.0,64659398.0
US.AKAM,85.63,66.03666666666668,3,50063661.0,33611675.0
US.AVGO,85.32,82.11666666666666,3,239889276.0,91916057.0
US.MSTR,85.15,74.25,3,353741501.0,178410296.0
US.MCHP,84.77,70.84333333333332,3,744125868.0,716468511.0
US.VRT,84.76,55.36000000000001,3,20484119.0,17313634.0
US.META,84.18,76.00333333333333,3,353442597.0,149818800.0
US.CRWV,83.54,83.54,1,86790367.0,86790367.0
US.ORCL,83.15,74.65333333333334,3,411510852.0,168856259.0
US.MSFT,82.97,76.03333333333333,3,543069274.0,359956303.0
US.DOCN,82.39,68.60333333333334,3,26747353.0,14340450.0
US.SLV,82.27,82.27,1,67375052.0,67375052.0
US.DASH,82.07,72.66333333333334,3,31136252.0,15304658.0
US.LITE,81.19,67.96333333333332,3,119068497.0,61913899.0
US.APP,80.93,71.21666666666668,3,127538181.0,66280439.0
US.USO,80.89,80.89,1,20623358.0,20623358.0
US.MRNA,80.54,60.123333333333335,3,52921848.0,28285972.0
US.AAON,80.53,80.53,1,10137883.0,10137883.0
US.WFC,80.18,73.19,2,73791955.0,63131885.0
US.SHOP,79.82,55.166666666666664,3,196356691.0,191719522.0
US.MAR,79.58,79.58,1,127909016.0,127909016.0
US.FTNT,79.56,65.94,3,37263063.0,32784650.0
US.SMCI,78.53,68.11,3,104719556.0,69849926.0
US.QQQ,78.18,78.18,1,880192794.0,880192794.0
US.TFC,77.42,77.42,1,10523340.0,10523340.0
US.FLEX,77.24,64.04666666666667,3,26887357.0,18096981.0
US.GLD,77.1,77.1,1,75326613.0,75326613.0
US.MXL,76.98,76.98,1,22647253.0,22647253.0
US.AVAV,76.96,76.13,2,13615034.0,7409677.0
US.WYNN,76.85,76.85,1,46957065.0,46957065.0
US.LRCX,76.69,70.1,3,48105666.0,31243192.0
US.UNH,76.49,65.26666666666667,3,31852056.0,23906743.0
US.ASML,76.46,56.81666666666666,3,49202083.0,33387575.0
US.NOW,76.23,60.71333333333334,3,38931817.0,24119026.0
US.COIN,76.0,68.22,3,126650965.0,63173287.0
US.COHR,75.84,65.58333333333333,3,38927532.0,19276237.0
US.MTSI,75.82,65.1,3,35500706.0,18904111.0
US.MRVL,74.71,73.14333333333333,3,84917208.0,33071311.0
US.DVA,74.31,56.830000000000005,3,14067004.0,7725287.0
US.AMAT,73.85,64.32333333333334,3,21688335.0,9383293.0
US.CSCO,73.66,70.685,2,23366535.0,16097102.0
US.BABA,73.07,58.03666666666666,3,99723448.0,60096798.0
US.PLTR,73.07,66.64333333333333,3,251952873.0,123010858.0
US.PWR,72.91,72.91,1,5939316.0,5939316.0
US.CVNA,72.8,68.11,3,106443182.0,71108851.0
US.WDC,72.6,67.22,3,32970130.0,18512731.0
US.AMZN,72.42,70.10333333333334,3,467560635.0,229776568.0
US.HR,71.94,71.94,1,5774751.0,5774751.0
US.ABNB,71.91,39.43333333333333,3,6277694.0,4920401.0
US.CRWD,71.21,52.68333333333333,3,38555821.0,24920463.0
US.NSIT,70.33,70.33,1,4255826.0,4255826.0
US.COP,70.32,56.18,3,83795254.0,80495164.0
US.SANM,70.22,70.22,1,5177542.0,5177542.0
US.ADI,70.02,47.68,2,69274676.0,68524260.0
US.SATS,69.68,52.38666666666668,3,20472609.0,9381827.0
US.PANW,69.42,59.343333333333334,3,51184079.0,25704570.0
US.ADBE,69.24,52.25333333333333,3,12550557.0,6415635.0
US.SPGI,69.13,69.13,1,1641850.0,1641850.0
US.WMT,69.13,58.04,2,118279072.0,115466554.0
US.IBM,67.62,44.285000000000004,2,26197289.0,25340646.0
US.TPR,65.99,65.68,2,8435125.0,6998126.0
US.BA,65.22,57.24666666666667,3,40675649.0,19432812.0
US.DVN,64.94,52.73666666666667,3,13326457.0,8409397.0
US.TXN,64.82,50.00333333333333,3,18118445.0,14256901.0
US.APH,64.81,64.81,1,10878309.0,10878309.0
US.NBIX,64.6,64.6,1,783900.0,783900.0
US.PFE,64.51,40.260000000000005,2,36650283.0,36192769.0
US.JBL,64.44,57.54,2,5874324.0,5370708.0
US.XYZ,64.26,53.73,3,11737761.0,5754799.0
US.STLD,64.25,64.25,1,5353781.0,5353781.0
US.CAT,64.04,51.755,2,20250589.0,16307599.0
US.C,63.79,40.949999999999996,3,13189991.0,6750855.0
US.AEP,63.38,63.38,1,27431308.0,27431308.0
US.CRCL,63.37,63.37,1,18211768.0,18211768.0
US.FSLR,62.22,37.754999999999995,2,3362613.0,2956339.0
US.AAL,61.76,48.230000000000004,2,2594572.0,1612457.0
US.WDAY,61.66,61.66,1,1998629.0,1998629.0
US.HWM,61.57,56.625,2,10071155.0,5409772.0
US.NFLX,61.5,59.32333333333333,3,31249827.0,14230809.0
US.FICO,61.15,61.15,1,20503695.0,20503695.0
US.BIDU,60.95,47.98,3,14509164.0,7431197.0
US.DINO,60.92,60.92,1,65339057.0,65339057.0
US.GME,60.66,43.04,3,9371263.0,5272849.0
US.ANET,60.65,40.836666666666666,3,12314822.0,9860066.0
US.Q,60.61,60.61,1,1809350.0,1809350.0
US.HOOD,60.55,55.53333333333333,3,36866655.0,14567095.0
US.ON,60.53,52.696666666666665,3,11038709.0,6368572.0
US.OXY,60.53,60.53,1,3098274.0,3098274.0
US.VST,60.51,47.18333333333334,3,19992937.0,12063595.0
US.RCL,60.47,60.47,1,6304543.0,6304543.0
US.EXPE,60.27,60.27,1,10009163.0,10009163.0
US.GDX,59.82,59.82,1,7480449.0,7480449.0
US.PENG,59.55,59.55,1,2906866.0,2906866.0
US.CVX,58.98,32.17333333333333,3,3438268.0,1665498.0
US.HIMS,58.95,44.8,2,8268312.0,7748854.0
US.NXPI,58.94,40.71,2,4367272.0,3646322.0
US.BIIB,58.61,58.61,1,3314297.0,3314297.0
US.CRM,58.57,50.11000000000001,3,16598874.0,9335842.0
US.FE,58.57,58.57,1,1649200.0,1649200.0
US.ALB,57.98,42.00333333333333,3,6454371.0,3565625.0
US.LVS,57.68,57.68,1,337443.0,337443.0
US.TER,57.63,56.35,2,3563599.0,2062130.0
US.TTD,57.61,51.555,2,6014957.0,4188723.0
US.DE,57.6,55.730000000000004,2,2739042.0,1599042.0
US.MP,57.45,46.626666666666665,3,15172041.0,6797909.0
US.DHI,57.29,50.730000000000004,2,1723013.0,1066813.0
US.MCD,57.17,49.72666666666667,3,9803311.0,5686257.0
US.ZS,56.48,43.045,2,5700785.0,4755185.0
US.FANG,56.46,56.46,1,1432986.0,1432986.0
US.CW,56.36,56.36,1,3943753.0,3943753.0
US.HD,56.17,56.17,1,4568986.0,4568986.0
US.INTU,56.13,43.24,3,4450692.0,1961662.0
US.BAC,56.0,37.4,2,8648450.0,8072886.0
US.ZTS,55.91,44.89,2,1549823.0,1222131.0
US.MKSI,55.78,55.78,1,1662160.0,1662160.0
US.PPG,55.68,55.68,1,960375.0,960375.0
US.GE,55.45,33.12,3,36445854.0,34062955.0
US.EOG,55.09,51.68000000000001,2,1809004.0,1135968.0
US.PLNT,54.92,48.66,2,3250356.0,2243906.0
US.JD,54.9,31.593333333333334,3,2952837.0,1362197.0
US.FCX,54.61,38.32666666666667,3,13211390.0,8836845.0
US.AMKR,54.52,43.505,2,2443176.0,1508821.0
US.SGI,53.91,53.91,1,4990697.0,4990697.0
US.JPM,53.88,50.25666666666667,3,20495895.0,9638148.0
US.DIS,53.74,39.123333333333335,3,7114849.0,3800240.0
US.OKTA,53.47,34.035,2,5125378.0,4793657.0
US.CGNX,53.18,51.025,2,11844615.0,7263546.0
US.ROIV,53.02,53.02,1,7762930.0,7762930.0
US.CIEN,52.98,52.98,1,4962013.0,4962013.0
US.CELH,52.13,43.51,3,7862423.0,3055251.0
US.GWW,51.67,50.775000000000006,2,7013189.0,5121189.0
US.KO,51.17,51.17,1,2636250.0,2636250.0
US.ETN,51.14,46.405,2,58101543.0,35634490.0
US.DUOL,50.92,41.715,2,2963187.0,2414040.0
US.VSH,50.28,50.28,1,1012845.0,1012845.0
US.ACN,50.14,50.14,1,2160500.0,2160500.0
US.CNS,49.79,49.79,1,358000.0,358000.0
US.BLK,49.79,49.79,1,1941894.0,1941894.0
US.ACLS,49.64,49.64,1,772855.0,772855.0
US.NUE,49.61,35.79,2,5398235.0,4827538.0
US.TTWO,49.52,49.52,1,1171463.0,1171463.0
US.BSX,49.24,49.24,1,5534589.0,5534589.0
US.TDG,48.41,32.39,2,2095951.0,1668251.0
US.PTC,48.08,48.08,1,918220.0,918220.0
US.BWXT,47.89,47.89,1,1699764.0,1699764.0
US.MARA,47.84,47.84,1,5759227.0,5759227.0
US.CLX,47.7,36.88,2,4659032.0,2853840.0
US.CEG,47.6,33.28666666666667,3,3893090.0,2143628.0
US.INSM,46.97,46.575,2,1235747.0,654508.0
US.AXON,46.95,38.53,2,3562434.0,2460748.0
US.HLT,46.88,46.88,1,3100998.0,3100998.0
US.LLY,46.79,40.86666666666667,3,23216348.0,15174530.0
US.HPE,46.25,29.6,2,1148189.0,841363.0
US.DOW,46.18,46.18,1,968686.0,968686.0
US.CBOE,45.94,45.94,1,695164.0,695164.0
US.RDNT,45.42,45.42,1,690422.0,690422.0
US.NKE,45.09,26.963333333333335,3,2430035.0,974306.0
US.SNPS,45.07,39.545,2,1862872.0,1430010.0
US.CVS,45.06,39.050000000000004,3,6633983.0,3071787.0
US.KLAC,44.79,44.79,1,5311613.0,5311613.0
US.MCK,44.73,42.06,3,2835703.0,1264605.0
US.MPC,44.5,44.5,1,2493690.0,2493690.0
US.SEZL,44.47,44.47,1,1677258.0,1677258.0
US.WHR,44.15,44.15,1,1244678.0,1244678.0
US.WMS,43.72,43.72,1,773965.0,773965.0
US.UAL,43.49,40.25333333333333,3,12989941.0,7476639.0
US.MTZ,43.43,43.43,1,2772231.0,2772231.0
US.WSC,42.86,42.86,1,1157843.0,1157843.0
US.BILI,42.39,42.39,1,659577.0,659577.0
US.UBER,41.91,40.15,3,12721359.0,5557204.0
US.CYTK,41.73,38.345,2,6800697.0,6164094.0
US.ONTO,41.44,38.81,2,1374592.0,847382.0
US.STX,41.42,36.63999999999999,3,4633109.0,2431983.0
US.HUM,41.36,41.36,1,1140279.0,1140279.0
US.BRK.B,41.21,33.29666666666667,3,3741161.0,1562306.0
US.RTX,40.29,29.869999999999997,2,5172365.0,4618839.0
US.ISRG,40.21,40.21,1,852048.0,852048.0
US.SYNA,40.13,40.13,1,578605.0,578605.0
US.RVTY,40.11,40.11,1,2170380.0,2170380.0
US.IFF,40.08,40.08,1,954711.0,954711.0
US.JNJ,39.97,26.766666666666666,3,5996359.0,2927358.0
US.ENTG,39.87,39.87,1,2110570.0,2110570.0
US.CAVA,39.51,39.51,1,604785.0,604785.0
US.RMBS,39.51,39.51,1,2008481.0,2008481.0
US.XOM,39.17,32.29666666666667,3,6779880.0,2679499.0
US.MS,38.82,26.52,2,1528502.0,1172455.0
US.AXP,38.79,38.79,1,845349.0,845349.0
US.ATI,38.77,38.77,1,2187951.0,2187951.0
US.CMC,38.54,38.54,1,665569.0,665569.0
US.JBHT,38.43,38.43,1,1749450.0,1749450.0
US.ZBRA,38.28,38.28,1,1836000.0,1836000.0
US.PFGC,37.87,31.345,2,2517504.0,1429630.0
US.VTRS,37.79,32.81666666666667,3,2557387.0,1220857.0
US.WBD,37.27,24.86,3,4246213.0,2791755.0
US.CB,37.18,37.18,1,666265.0,666265.0
US.MNST,36.48,36.48,1,862801.0,862801.0
US.HLIT,36.43,36.43,1,312975.0,312975.0
US.CLSK,36.14,36.14,1,1433417.0,1433417.0
US.DAL,36.11,27.26,3,2502001.0,1102347.0
US.RNG,35.86,35.86,1,460790.0,460790.0
US.TMUS,35.6,35.6,1,2324711.0,2324711.0
US.HII,35.16,35.16,1,596959.0,596959.0
US.VIAV,35.11,35.11,1,3107932.0,3107932.0
US.NTNX,34.85,34.85,1,605828.0,605828.0
US.KKR,34.37,34.37,1,1113842.0,1113842.0
US.ANF,34.35,34.35,1,1350510.0,1350510.0
US.UPS,34.28,27.22,2,2528707.0,2035500.0
US.SCHW,34.18,34.18,1,2706865.0,2706865.0
US.LYFT,33.97,33.97,1,856463.0,856463.0
US.HAL,33.94,33.94,1,1004056.0,1004056.0
US.PM,33.86,33.86,1,372130.0,372130.0
US.ABBV,33.61,33.61,1,555447.0,555447.0
US.ALK,33.47,33.47,1,622376.0,622376.0
US.JCI,33.32,33.32,1,611378.0,611378.0
US.LEN,32.92,32.92,1,693709.0,693709.0
US.DOCS,32.37,25.909999999999997,2,1009020.0,576004.0
US.ROK,32.05,32.05,1,1281653.0,1281653.0
US.IRM,31.9,31.9,1,314112.0,314112.0
US.LYB,31.87,31.87,1,945236.0,945236.0
US.HSIC,31.75,31.75,1,494310.0,494310.0
US.NEM,31.68,27.035,2,2502634.0,1778463.0
US.GEV,31.56,27.853333333333335,3,2966733.0,1329603.0
US.ENPH,31.39,31.39,1,701484.0,701484.0
US.NRG,31.35,31.35,1,405837.0,405837.0
US.MCY,30.87,30.87,1,722966.0,722966.0
US.LTH,30.87,30.87,1,612859.0,612859.0
US.COST,30.61,30.61,1,952232.0,952232.0
US.CNC,30.21,30.21,1,602739.0,602739.0
US.JAZZ,30.09,30.09,1,548289.0,548289.0
US.PRKS,30.06,30.06,1,603760.0,603760.0
US.ORA,29.58,29.58,1,761670.0,761670.0
US.MELI,29.51,29.51,1,572841.0,572841.0
US.FBIN,29.29,29.29,1,3785977.0,3785977.0
US.NIO,29.07,29.07,1,430332.0,430332.0
US.PYPL,28.91,28.91,1,387692.0,387692.0
US.CTRA,28.7,28.7,1,1990759.0,1990759.0
US.EBAY,28.7,28.7,1,1752703.0,1752703.0
US.MA,28.5,25.545,2,1061510.0,536840.0
US.HON,27.98,21.55,2,1971121.0,1395183.0
US.V,27.97,27.97,1,1766983.0,1766983.0
US.NVT,27.69,27.69,1,546290.0,546290.0
US.SHOO,27.52,27.52,1,422217.0,422217.0
US.ARES,26.54,25.4,2,1610073.0,1195837.0
US.APO,26.46,25.175,2,1570616.0,887717.0
US.VRSN,26.27,26.27,1,1458354.0,1458354.0
US.MGM,25.35,25.35,1,1380760.0,1380760.0
US.BXP,25.13,25.13,1,511989.0,511989.0
US.PDD,24.72,21.02,2,1612591.0,1141488.0
US.DHR,24.03,24.03,1,303683.0,303683.0
US.SBUX,24.0,24.0,1,1416119.0,1416119.0
US.VICI,23.55,23.55,1,732955.0,732955.0
US.CCL,23.41,23.41,1,509013.0,509013.0
US.T,22.55,22.55,1,544977.0,544977.0
US.EL,22.26,22.26,1,822073.0,822073.0
US.VZ,22.24,22.24,1,1090971.0,1090971.0
US.BWA,21.82,18.240000000000002,2,1154202.0,763395.0
US.HL,21.69,21.69,1,605864.0,605864.0
US.LYV,21.2,21.2,1,994355.0,994355.0
US.EVR,20.79,20.79,1,670619.0,670619.0
US.COR,20.72,20.72,1,433351.0,433351.0
US.DY,20.58,20.58,1,648418.0,648418.0
US.SFM,19.97,19.97,1,397067.0,397067.0
US.EQT,19.31,19.31,1,383613.0,383613.0
US.TEX,18.9,18.9,1,415000.0,415000.0
US.SO,18.14,18.14,1,520517.0,520517.0
US.LUV,17.31,17.31,1,665521.0,665521.0
US.ARWR,17.1,17.1,1,367456.0,367456.0
US.BX,16.63,16.63,1,351340.0,351340.0
US.CF,16.62,16.62,1,340091.0,340091.0
US.IRDM,16.26,16.26,1,318439.0,318439.0
US.PG,15.35,15.35,1,527200.0,527200.0
US.TSCO,15.33,15.33,1,588957.0,588957.0
US.TGT,15.11,15.11,1,593569.0,593569.0
US.ADM,13.0,13.0,1,365994.0,365994.0
US.XPEV,12.4,12.4,1,307457.0,307457.0
US.SLB,10.99,10.99,1,305119.0,305119.0
