stock_owner,trade_date,turnover_sum,turnover_max,volume_sum,volume_max,option_open_interest_sum,option_open_interest_mean,option_implied_volatility_mean,option_delta_mean,market_val_last,cf_log_turnover_sum,cf_log_turnover_mean,cf_churn_mean,cf_churn_max,cf_notional_churn_mean,cf_notional_churn_max,cf_delta_flow_sum,cf_vega_flow_sum,cf_gamma_flow_sum,cf_iv_level_mean,cf_volume_oi_ratio_mean,cf_volume_oi_ratio_max,cf_turnover_per_contract_mean,cf_turnover_per_contract_max,cf_intraday_range_mean,cf_intraday_range_max,cf_theta_vega_ratio_mean,cf_dte_weight_mean,cf_market_val_log_last,contracts,uf_pcr_turnover,uf_pcr_volume
US.AAL,2026-05-07,1612457.0,963896.0,2306,1494,170,85.0,245.2195,0.9240230684999999,8558323672.78,27.161252604822778,13.580626302411389,13.375,16.6,7.270853189936459,8.276627168126396,1479739.496946937,9854.543520053001,22724.899486484002,245.2195,13.375,16.6,721.9492444325743,798.7204433497537,0.06663817046391966,0.07258609047940591,3.3967063060171196,0.02631578947368421,22.870170175420036,2,0.0,0.0
US.AAPL,2026-05-07,272700147.0,16615877.0,501023,51196,1215681,10663.868421052632,27.4089649122807,0.3856483551491228,4222071417828.0,1626.1162347006493,14.264177497374117,16.30503362148016,842.0,13755.100316262959,952670.0,173800328.63948262,62188740.47308699,5082533.178702419,27.4089649122807,16.30503362148016,842.0,1923.7991894057043,13262.632047477744,0.48382465431010724,1.7916666666666667,1.8148109367199936,0.0880388134666634,29.07134698085088,114,0.173933036321404,0.2125230211492061
US.ABNB,2026-05-07,852000.0,852000.0,750,750,718,718.0,39.571,0.471935726,83162192249.76,13.655342979519684,13.655342979519684,1.0445682451253482,1.0445682451253482,0.08483196500303085,0.08483196500303085,402089.238552,316885.572396,9167.692104,39.571,1.0445682451253482,1.0445682451253482,1136.0,1136.0,0.013588433525383225,0.013588433525383225,0.1362258386003594,0.006097560975609756,25.144058661430506,1,0.0,0.0
US.ACN,2026-05-07,2160500.0,2160500.0,1271,1271,76,76.0,47.013,0.519490431,107175378014.76,14.585850697209839,14.585850697209839,16.723684210526315,16.723684210526315,1.6284373935353937,1.6284373935353937,1122359.0761755002,813501.44774,19377.915550499998,47.013,16.723684210526315,16.723684210526315,1699.8426435877261,1699.8426435877261,0.1676727028839705,0.1676727028839705,0.24009673180007068,0.009259259259259259,25.397732376513197,1,0.0,0.0
US.ADBE,2026-05-07,1318518.0,814459.0,1226,938,3132,1566.0,49.5045,0.007107361499999965,101118714000.0,26.74073118352189,13.370365591760946,4.651290322580645,9.0,0.3200737990102214,0.6296455909981212,683142.4159885229,286912.287648062,21863.481303408,49.5045,4.651290322580645,9.0,1309.2490190416963,1750.204861111111,0.21263600532250157,0.29151201064500315,1.780398234431444,0.06315789473684211,25.33956104971069,2,0.6188881208262171,0.3070362473347548
US.ADI,2026-05-07,1615529.0,1615529.0,574,574,9,9.0,45.354,-0.486746533,202912293773.91,14.295173634176404,14.295173634176404,63.77777777777778,63.77777777777778,4.3188225638722475,4.3188225638722475,786353.139710957,917249.700016855,10034.208940842,45.354,63.77777777777778,63.77777777777778,2814.5104529616724,2814.5104529616724,0.15916093005343482,0.15916093005343482,0.49626726904856155,0.022727272727272728,26.036039672257644,1,0.0,0.0
US.AKAM,2026-05-07,10653604.0,4924363.0,13346,5483,9063,1510.5,102.82466666666666,0.4295444226666667,17959739625.52,84.7490929739563,14.124848828992716,4.640075920501931,13.657142857142857,0.3682093548491477,1.4598503390207629,6037975.0056426395,1183751.441746335,160693.90619875,102.82466666666666,4.640075920501931,13.657142857142857,954.1786595883505,1418.1700507614214,0.30319651294068156,0.49122807017543857,13.54097491653426,0.08442337952388203,23.611398402305575,6,0.16944022960255886,0.40706378492356354
US.ALB,2026-05-07,5892488.0,2436767.0,4728,1764,629,125.8,86.7028,-0.28930950060000005,22706193305.07,69.04588084923245,13.80917616984649,13.81783989125095,36.75757575757576,1.1944872486697387,3.833727441068701,3026679.69460937,970829.0012026359,104160.630992124,86.7028,13.81783989125095,36.75757575757576,1393.0498183345012,2534.6433447098975,0.2675815071902713,0.783162016642193,13.781485008444497,0.17480392156862745,23.84590355708817,5,9.996114729318679,6.893155258764608
US.ALK,2026-05-07,622376.0,622376.0,2008,2008,402,402.0,58.177,0.333373911,4511186713.3,13.341301297436006,13.341301297436006,4.9950248756218905,4.9950248756218905,0.38217699456310156,0.38217699456310156,207483.92123253603,61259.297123616,14369.694045319999,58.177,4.9950248756218905,4.9950248756218905,309.9482071713147,309.9482071713147,0.15952497008906827,0.15952497008906827,0.18944941504315696,0.006097560975609756,22.22982608540503,1,0.0,0.0
US.AMAT,2026-05-07,3203577.0,882534.0,2400,1020,1348,269.6,60.0846,0.37582399,340157061193.54,66.74284766336096,13.348569532672192,65.44276045773061,277.0,3.662364178443086,16.59082637301106,1262580.589456334,1565556.5054569,22670.874081631,60.0846,65.44276045773061,277.0,1763.178902110185,2567.2057761732854,0.5680889990956652,2.443396226415094,4.337211747354493,0.08674582798459564,26.552673292582842,5,0.0,0.0
US.AMD,2026-05-07,1487408180.0,43992593.0,867947,39893,586629,1661.8385269121814,74.03624645892351,0.3323034061898017,687162736355.838,5201.699209856588,14.735691812624895,105.23032729995603,10341.0,82855.43510809688,11260877.0,920752320.7504268,442155762.12682927,8783270.712059164,74.03624645892351,105.23032729995603,10341.0,4017.8574224233157,17761.280346820808,1.8284816869124318,13.70808678500986,6.238138869514218,0.11039763100545351,27.25583698082147,353,0.23760389342152696,0.5347144248978415
US.AMZN,2026-05-07,240563039.0,60981685.0,270659,27403,975109,11208.149425287356,37.49451724137931,0.47197433551724133,2957699510756.508,1231.8328813279697,14.158998635953676,0.6553227279990184,7.659119897959184,0.021669270759616475,0.31820385291214953,177319252.70106465,45875240.46051769,2758938.831392502,37.49451724137931,0.6553227279990184,7.659119897959184,1954.7692798087296,17665.18854961832,0.3332718650777665,1.142857142857143,2.7990200972796377,0.09320653314537426,28.715432889782345,87,0.0469433027653194,0.1519806257474963
US.ANET,2026-05-07,19281132.0,3348053.0,37725,15709,26022,1239.142857142857,58.75719047619048,0.042812101190476196,185173457552.28,284.66127826500735,13.55529896500035,3.0551136943313604,45.932748538011694,0.10611405137559932,0.7026503644085955,7705277.172786031,1960065.460859843,304449.071930486,58.75719047619048,3.0551136943313604,45.932748538011694,1381.1482217800894,11309.53937007874,1.850979266207872,11.011838284565558,5.466307680700658,0.10310838324536954,25.944558831140654,21,0.9554769714523209,2.5727815134008902
US.APP,2026-05-07,41089021.0,3589890.0,27949,3962,22195,652.7941176470588,166.23526470588234,0.17587774335294118,157649204779.45,471.77774330279243,13.875815979493895,2.0926661128257766,7.838028169014085,0.08894455813088502,0.4446716503552793,17671002.77962644,9224869.226123126,191724.065263829,166.23526470588234,2.0926661128257766,7.838028169014085,2243.738966288458,6671.004926108374,0.3659258171013451,0.7810615199034984,37.22121042473956,0.23270944741532976,25.78363817871575,34,0.26952676945474857,0.2385996011522269
US.ARES,2026-05-07,1195837.0,693734.0,2088,1084,6405,3202.5,48.5345,0.5400732125,27932108303.0,26.576407870719002,13.288203935359501,0.33208187076679685,0.38371681415929204,0.015574914910342137,0.019826381198298392,670140.467258123,131996.83416611,34894.139691698,48.5345,0.33208187076679685,0.38371681415929204,570.0393022007909,639.9760147601476,0.14045630989770977,0.2024904733812721,1.8523124568169476,0.06136363636363637,24.053042699339265,2,0.0,0.0
US.ARM,2026-05-07,203759772.0,11760102.0,180197,10757,91989,910.7821782178218,160.68331683168316,0.34794228364356433,252012600000.0,1435.6107667034437,14.213967987162809,11.154299937725781,255.0,9425.12561227066,951897.0,102289140.7372882,31878887.485323284,1458075.5439277,160.68331683168316,11.154299937725781,255.0,1835.778768280578,7131.333333333333,1.722910194613476,9.3359375,29.524687682818627,0.16873458060783056,26.252744923211843,101,0.14225267851573517,0.21105017675443902
US.ASML,2026-05-07,48608478.0,14834876.0,9108,2049,7771,518.0666666666667,51.309999999999995,0.25076228813333334,595370083832.1,219.1581630956814,14.61054420637876,28.959561761647873,353.0,118982.22054918161,1784729.0,22332579.583985213,104014034.70214313,84952.494563976,51.309999999999995,28.959561761647873,353.0,5775.642646537659,15122.197757390419,1.2696178896126582,5.467529569292569,4.4789796609325,0.1030569008194579,27.112449038772123,15,0.45588525072575653,0.44319442243701473
US.AVAV,2026-05-07,6205357.0,2719200.0,2143,808,365,91.25,88.95275000000001,0.714310874,8706990359.41,56.70503301270959,14.176258253177398,214.15907068395626,410.0,551379.748733483,1123051.0,4210851.910509786,1771871.1946060811,34538.409703447,88.95275000000001,214.15907068395626,410.0,2807.833354004356,3365.3465346534654,0.07820412549396738,0.1709451803227445,3.0412491419354164,0.0536764705882353,22.887392029684204,4,0.0,0.0
US.AVGO,2026-05-07,94414903.0,7179917.0,63601,6478,173637,2846.5081967213114,50.07062295081967,0.33802671303278686,2014317232200.96,854.4636867751127,14.007601422542832,11.967542248868664,230.0,120483.53712018125,3678530.0,51069836.47572628,44896857.97999051,612125.455508351,50.07062295081967,11.967542248868664,230.0,2742.4655993024435,15993.608695652174,0.4558502870914954,1.5703703703703704,3.2443215264022687,0.08522468129515497,28.331301411327402,61,0.16537132966592252,0.3027919457588234
US.AXON,2026-05-07,6803497.0,2887065.0,2322,986,823,164.6,161.66500000000002,-0.022623458000000006,31089589477.86,69.79069029827573,13.958138059655147,2.9438045710666176,4.629107981220657,0.21335655989789223,0.35127496435618843,3346548.233936072,3288713.900510412,27934.929557639,161.66500000000002,2.9438045710666176,4.629107981220657,3864.728202135933,10614.20955882353,0.28991658040561397,0.5019611505416512,31.66075175503395,0.17480392156862745,24.16013885664749,5,1.7648085053812905,0.8605769230769231
US.BA,2026-05-07,5802443.0,1128805.0,8200,3061,27762,3966.0,34.19557142857143,0.226703943,181254354966.83,95.06884762464581,13.581263946377973,1.498322483999477,8.502777777777778,0.034400595408762925,0.13637061037900425,2359001.8828081167,2189094.093547842,81567.050403002,34.19557142857143,1.498322483999477,8.502777777777778,896.6174541117898,1721.573619631902,0.26311009075766695,0.6412213740458015,0.6054325653949568,0.030094979466838763,25.92316715780126,7,0.4010763946068714,0.26640926640926643
US.BABA,2026-05-07,63852718.0,5509222.0,118183,11565,296233,7405.825,52.920075,0.516928836275,339321454209.92,562.4781573256186,14.061953933140463,1.171610481503945,20.485207100591715,0.06473094936562862,1.0725119815791588,32438382.582716998,10659328.227955796,1265841.072765484,52.920075,1.171610481503945,20.485207100591715,797.2328425847884,3018.0022222222224,1.5561223459062856,10.867924528301886,3.8985150549708862,0.09531075029507745,26.55021373753903,40,0.06249783890316419,0.03361028511457058
US.BAC,2026-05-07,575564.0,575564.0,14835,14835,19124,19124.0,29.919,0.374414143,380377258893.6,13.263107446031226,13.263107446031226,0.7757268353900858,0.7757268353900858,0.005615004354924812,0.005615004354924812,215499.30180165198,8544.484712368001,186127.96007709202,29.919,0.7757268353900858,0.7757268353900858,38.79770812268284,38.79770812268284,2.1081081081081083,2.1081081081081083,8.943451619934832,0.3333333333333333,26.664429383744928,1,0.0,0.0
US.BG,2026-05-07,717241.0,717241.0,774,774,324,324.0,31.51,-0.54551463,24455983395.75,13.483168580069313,13.483168580069313,2.388888888888889,2.388888888888889,0.1756213240875412,0.1756213240875412,391265.45873583,158379.656434587,16521.624200529,31.51,2.388888888888889,2.388888888888889,926.6679586563307,926.6679586563307,0.10958904109589027,0.10958904109589027,0.19171866799733772,0.0136986301369863,23.920140742631787,1,0.0,0.0
US.BIDU,2026-05-07,6212971.0,1339509.0,8350,2477,15725,1965.625,64.353875,0.613772821,47836121328.81,108.14883118579942,13.518603898224928,1.3327444774203305,3.949514563106796,0.07216917110999145,0.24359457133731935,3819952.2478115107,873706.278704176,88157.841915341,64.353875,1.3327444774203305,3.949514563106796,1073.5361558979887,2153.551446945338,1.7958869781475055,4.419276038196758,4.437510915034482,0.07861405147364052,24.59104686742006,8,0.0,0.0
US.BILI,2026-05-07,659577.0,659577.0,2564,2564,176,176.0,58.612,0.668621193,9319870983.39,13.399355515563734,13.399355515563734,14.568181818181818,14.568181818181818,1.675277868086317,1.675277868086317,441007.160615361,18368.652213780002,53171.311108443,58.612,14.568181818181818,14.568181818181818,257.2453198127925,257.2453198127925,0.23711589644326164,0.23711589644326164,0.7299143169232514,0.022727272727272728,22.955414622671487,1,0.0,0.0
US.BKNG,2026-05-07,3462500.0,1887500.0,5000,2500,2851,1425.5,17.3295,-0.392166013,130427538347.52,28.720530755068808,14.360265377534404,7.1894732594968636,13.440860215053764,0.31900082681344366,0.6028902960055603,1480426.699075,145204.080175,61628.9588,17.3295,7.1894732594968636,13.440860215053764,692.5,755.0,0.0,0.0,0.9019824939554252,0.21666666666666667,25.59408364779713,2,0.0,0.0
US.BRK.B,2026-05-07,858490.0,858490.0,2209,2209,2287,2287.0,17.745,0.657203955,1013354797979.91,13.662931475863434,13.662931475863434,0.9658941845212068,0.9658941845212068,0.00798966061657576,0.00798966061657576,564203.0233279499,108319.67613699,51784.93923342,17.745,0.9658941845212068,0.9658941845212068,388.63286555002264,388.63286555002264,0.8725099601593626,0.8725099601593626,5.446670131863492,0.3333333333333333,27.644287524672233,1,0.0,0.0
US.BROS,2026-05-07,525350.0,525350.0,2284,2284,320,320.0,108.349,-0.305427457,7517902255.32,13.171821889608019,13.171821889608019,7.1375,7.1375,0.27797472908906196,0.27797472908906196,160456.31453495,17067.77305975,18338.14711155,108.349,7.1375,7.1375,230.01313485113835,230.01313485113835,0.17601295455345514,0.17601295455345514,6.113158471866176,0.1,22.740552980716302,1,0.0,0.0
US.BWA,2026-05-07,763395.0,763395.0,5480,5480,5889,5889.0,43.468,0.308752085,12242113002.08,13.545532179562484,13.545532179562484,0.9305484802173544,0.9305484802173544,0.021819671325685765,0.021819671325685765,235699.79792857502,54811.693057845,30333.575901105003,43.468,0.9305484802173544,0.9305484802173544,139.30565693430657,139.30565693430657,0.5862068965517241,0.5862068965517241,0.5306826494534235,0.022727272727272728,23.22814773010217,1,0.0,0.0
US.C,2026-05-07,1552571.0,920905.0,4050,2797,5412,2706.0,34.7325,0.1729133275,217634560000.0,27.089230882588538,13.544615441294269,0.7247247137790213,0.81048971312663,0.025573998137364114,0.0368032831435564,553143.514020504,322851.29270101397,25174.268501350998,34.7325,0.7247247137790213,0.81048971312663,480.3985319751723,734.9600957701516,0.1721512770137524,0.25,0.189148722882796,0.010525785656728445,26.106083162851085,2,0.6859187429756598,2.232242617717478
US.CAR,2026-05-07,5485098.0,1167364.0,2780,1068,4618,769.6666666666666,74.34733333333334,-0.7259243393333333,5801422450.78,82.10031542745084,13.68338590457514,1.899195607436804,3.888888888888889,0.3406251296879396,0.8300914931859339,3854733.107927268,623867.557342913,63760.237718612996,74.34733333333334,1.899195607436804,3.888888888888889,2322.6207852979664,3505.5238095238096,0.3162460819310725,0.4636955098021406,4.173349366324241,0.10256238859180035,22.481368974736743,6,0.0,0.0
US.CAT,2026-05-07,17102700.0,10620160.0,1764,693,2301,460.2,55.977599999999995,0.5401055325999999,426936526802.19,72.81741736551109,14.563483473102218,1.4218259541063265,4.95,0.07615197883975537,0.16069212414220713,14580916.566806765,7949747.222351148,24215.429650183,55.977599999999995,1.4218259541063265,4.95,14519.540947298072,53100.8,0.2735809547633644,0.7570755079162763,1.3935047339626818,0.049137032424703665,26.779901189952795,5,0.04875647236604236,0.13367609254498714
US.CBOE,2026-05-07,675977.0,675977.0,448,448,16,16.0,28.427,-0.335757748,36210209264.0,13.423915810116823,13.423915810116823,28.0,28.0,1.2210567196531792,1.2210567196531792,226964.515219796,516706.43376534904,4189.018653368,28.427,28.0,28.0,1508.877232142857,1508.877232142857,0.12420965466909001,0.12420965466909001,0.09157362224693692,0.007352941176470588,24.312606939911902,1,0.0,0.0
US.CEG,2026-05-07,2524850.0,1365425.0,1970,1516,6029,2009.6666666666667,58.78933333333333,-0.041415206,116941474228.16,40.66565103903323,13.555217013011076,0.9270935775263761,2.0491803278688523,0.06654672350627734,0.15363456203738224,858084.46663305,1086655.9699115749,17763.46117825,58.78933333333333,0.9270935775263761,2.0491803278688523,2012.815243071723,2717.7696078431372,0.17472947483639126,0.37382809810036294,1.4691678668142627,0.038094794962466656,25.484939426328683,3,3.5539973846778192,8.656862745098039
US.CELH,2026-05-07,4216682.0,1175562.0,25113,8954,12374,2474.8,134.1172,0.09621784679999999,8426191260.0,68.12156669844126,13.624313339688252,8.693568529616224,15.799107142857142,0.6033290306689443,1.2150029943379792,1639711.819134735,97229.372023217,232833.507064309,134.1172,8.693568529616224,15.799107142857142,195.44071846458033,258.3318632855568,0.6081298677251992,1.068917018284107,16.463177257663865,0.1312121212121212,22.85461069915376,5,0.529971303164344,0.8688048816788213
US.CF,2026-05-07,1192565.0,1192565.0,2001,2001,41,41.0,101.139,-0.705434321,18397104135.84,13.991617846125054,13.991617846125054,48.80487804878049,48.80487804878049,2.428770141909836,2.428770141909836,841276.281023365,35988.854489720004,46482.786082315004,101.139,48.80487804878049,48.80487804878049,595.984507746127,595.984507746127,0.10369627027931079,0.10369627027931079,28.156363966649796,0.3333333333333333,23.63545910530782,1,0.0,0.0
US.CGNX,2026-05-07,4581069.0,1912894.0,15800,6703,18285,6095.0,111.77266666666667,0.4477180336666667,10398282674.56,42.499394060641414,14.166464686880472,5.9301048663569595,16.59451219512195,0.15389136147973906,0.3934165733000086,2219022.7749061342,169846.50247211498,160346.085044417,111.77266666666667,5.9301048663569595,16.59451219512195,314.4395222890902,510.336070060208,0.663813188525671,0.7536231884057972,6.43174158531368,0.10000000000000002,23.064906502108716,3,0.0,0.0
US.CIEN,2026-05-07,4962013.0,2655796.0,573,361,1082,541.0,92.702,0.6475406905,81557198709.33,29.44337486727055,14.721687433635275,0.7128615976645436,1.1496815286624205,0.09935016005249733,0.14663827466818058,3190556.616203794,3607473.873630574,9941.322546259998,92.702,0.7128615976645436,1.1496815286624205,9117.578849370198,10878.382075471698,0.16066882174998098,0.2272044921573878,1.1244785768271506,0.022727272727272728,25.124570435696093,2,0.0,0.0
US.CLX,2026-05-07,3154398.0,3154398.0,2720,2720,3902,3902.0,0.0,0.0,10884130803.51,14.964308544528006,14.964308544528006,0.6970784213223987,0.6970784213223987,0.08981284669605877,0.08981284669605877,0.0,0.0,0.0,0.0,0.6970784213223987,0.6970784213223987,1159.7051470588235,1159.7051470588235,0.12679110445137645,0.12679110445137645,0.0,0.1,23.11057167585014,1,0.0,0.0
US.CMC,2026-05-07,665569.0,665569.0,1169,1169,152,152.0,43.419,0.620330824,8000524755.6,13.408399095357973,13.408399095357973,7.690789473684211,7.690789473684211,0.6068944450523398,0.6068944450523398,412872.96619885595,62733.928237365006,23564.475103983,43.419,7.690789473684211,7.690789473684211,569.3490162532079,569.3490162532079,0.3104587338251,0.3104587338251,0.5494595707003956,0.022727272727272728,22.802772971050018,1,0.0,0.0
US.COHR,2026-05-07,27790916.0,2935624.0,14857,1813,10199,407.96,148.95056,0.11152092208000002,64619369928.84,344.74334496428963,13.789733798571586,22.537974542808346,453.0,23152.469382194224,578805.0,12068681.485815333,7654250.86200418,154159.621880934,148.95056,22.537974542808346,453.0,2149.3885603328467,4261.375234521576,0.34324891526650203,0.7842055485498107,29.968632080866982,0.1906137626316175,24.891780046905875,25,0.5156256177988682,0.7724886661894536
US.COIN,2026-05-07,23110786.0,2382825.0,28606,6041,60945,2770.2272727272725,108.31545454545454,0.17363452918181818,52153187751.56,302.3254992885779,13.742068149480813,8.493959956132644,168.33333333333334,0.7096813621756357,14.583872162726477,10377151.064432766,4279852.296467128,277277.930972416,108.31545454545454,8.493959956132644,168.33333333333334,1156.4595452546064,3223.958904109589,0.21493317614246765,0.4366812227074236,19.80242582025857,0.17473244596444168,24.67745114313213,22,0.5319143379455136,0.6302501852168462
US.COP,2026-05-07,2610520.0,1363705.0,2606,1469,3130,1565.0,29.7915,0.7593875139999999,144855157432.3,28.161820211276,14.080910105638,4.942448137680622,9.396694214876034,0.452374470376737,0.8666321445203623,2005388.5471636401,453788.184623015,41670.38448459499,29.7915,4.942448137680622,9.396694214876034,1012.4525506016155,1096.5831134564644,0.05753155128077576,0.10885885885885888,1.1391635581179285,0.05251256281407035,25.69900016586654,2,0.0,0.0
US.COST,2026-05-07,952232.0,952232.0,293,293,196,196.0,24.895,0.470729712,441767016705.0,13.766565031726781,13.766565031726781,1.4948979591836735,1.4948979591836735,0.04879062546434592,0.04879062546434592,448243.89511718403,1294078.397336448,4455.354502128,24.895,1.4948979591836735,1.4948979591836735,3249.938566552901,3249.938566552901,0.24331078555672003,0.24331078555672003,0.3237737975733807,0.022727272727272728,26.814048468527105,1,0.0,0.0
US.CRM,2026-05-07,12509096.0,2211858.0,25631,7527,45715,3516.5384615384614,50.447923076923075,0.1252664266923077,148223157875.36,177.65406709315764,13.665697468704433,1.429608059635383,5.4662529092319625,0.05124374769558253,0.19856948524447565,5127038.570609282,3205131.396937033,243266.699048851,50.447923076923075,1.429608059635383,5.4662529092319625,1103.5557358312121,2636.2350230414745,0.37180837804106504,1.420289855072464,4.439317971779612,0.09114202939746854,25.72198479857501,13,0.3399001396981654,0.25004877097151773
US.CRWD,2026-05-07,3040757.0,1318482.0,1095,455,7703,2567.6666666666665,50.187999999999995,0.15318629766666667,119140909384.47,41.41560244328625,13.80520081442875,0.17630979079145478,0.2786885245901639,0.011285873492561502,0.01957127351745713,1438625.161463388,1919909.621216824,14850.891738232,50.187999999999995,0.17630979079145478,0.2786885245901639,2877.570660594892,3287.084033613445,0.21076445750926265,0.22860483201720272,0.5963619170535001,0.022727272727272724,25.503572742032627,3,0.3464024360274899,0.2777129521586931
US.CSCO,2026-05-07,7840252.0,2295656.0,13831,4716,13511,1688.875,36.866,0.411353056875,361968198368.88,109.2291843986038,13.653648049825476,4.626431756626839,24.152173913043477,0.4665716725789952,3.1472847437040974,3817660.814044038,840105.8495019721,167909.94898008098,36.866,4.626431756626839,24.152173913043477,843.5819252419014,2344.2911877394636,0.16965698635631765,0.37178727302117565,1.1411387787005915,0.07961786987522282,26.6148221951062,8,0.07852318055617268,0.18497258396161756
US.CTRA,2026-05-07,1990759.0,1990759.0,15141,15141,10457,10457.0,28.424,0.249597957,24724651514.64,14.504027033339526,14.504027033339526,1.4479296165248159,1.4479296165248159,0.058469204292576196,0.058469204292576196,496889.379279363,91348.381551872,153822.446184919,28.424,1.4479296165248159,1.4479296165248159,131.48134205138365,131.48134205138365,0.41590850012997144,0.41590850012997144,0.21423221548400775,0.0136986301369863,23.931066619942918,1,0.0,0.0
US.CVNA,2026-05-07,103157291.0,32616259.0,54785,8199,50093,2782.9444444444443,63.24366666666666,0.07471136127777778,55781674270.26,269.7716310040628,14.987312833559043,2.9046332738663367,21.860103626943005,0.16461809217154774,1.3637958258073084,48471924.51183552,59396887.60622973,381533.875920757,63.24366666666666,2.9046332738663367,21.860103626943005,2152.911011323218,5139.099054665023,0.3476104134016025,0.8869441816461684,1.1451807493519661,0.0315933305659333,24.74471123431487,18,0.45069551187094836,1.2504518567203418
US.CVS,2026-05-07,3043857.0,1283469.0,6550,3405,21624,5406.0,46.14325,0.75453443175,111320158444.58,53.90448638233589,13.476121595583972,0.6064159446621605,1.141732283464567,0.03958141325995806,0.07573375513186341,2241314.718116862,161108.503013646,188221.388099877,46.14325,0.6064159446621605,1.141732283464567,520.6362837106695,628.7535211267606,1.5621161528351188,2.0023360587351906,6.3633557658198425,0.1390151515151515,25.43567619693744,4,0.0,0.0
US.CVX,2026-05-07,1162940.0,651650.0,4280,3231,11311,5655.5,26.891,0.42408865250000005,366061320000.0,26.531958600246465,13.265979300123233,0.3555867819382862,0.48659638554216866,0.005846598805868547,0.0075345507104573155,509661.9471851301,216279.11340621999,37761.80543633,26.891,0.3555867819382862,0.48659638554216866,389.7279010916352,621.210676835081,0.19243222296918688,0.23813510446317276,1.0415336091789547,0.06136363636363637,26.626066697300693,2,0.0,0.0
US.CW,2026-05-07,4916929.0,2278355.0,1063,408,324,108.0,41.02133333333333,0.2892783456666667,27417968264.19,42.75286123678069,14.250953745593563,53.4433551198257,136.0,2.1614900835813127,4.366622245554524,2577577.0358421043,6107417.8154633995,14781.181422557,41.02133333333333,53.4433551198257,136.0,4785.0474399595905,6509.585714285714,0.06834842476870202,0.12102193469486554,0.39966031381112344,0.01823793490460157,24.03446441151507,3,0.24676393273108127,0.6229007633587786
US.CYTK,2026-05-07,636603.0,636603.0,1600,1600,265,265.0,56.871,0.412156523,9312533164.6,13.363903077190848,13.363903077190848,6.037735849056604,6.037735849056604,0.3209881709911963,0.3209881709911963,262380.079011369,63642.470023176,16963.085235162,56.871,6.037735849056604,6.037735849056604,397.876875,397.876875,0.2233333333333333,0.2233333333333333,0.6918186245603668,0.022727272727272728,22.95462698205246,1,0.0,0.0
US.DAL,2026-05-07,542762.0,542762.0,4027,4027,9755,9755.0,43.565,0.389404897,48183964895.6,13.2044280395495,13.2044280395495,0.41281394156842643,0.41281394156842643,0.007586496376942761,0.007586496376942761,211354.180705514,23904.387507154,41604.662871486,43.565,0.41281394156842643,0.41281394156842643,134.7807300720139,134.7807300720139,1.4675052410901466,1.4675052410901466,2.5592302704250116,0.1,24.598292124159425,1,0.0,0.0
US.DASH,2026-05-07,9078695.0,1776642.0,11631,2042,2940,294.0,157.96710000000002,0.2644325622,73192320456.42,136.32618393883146,13.632618393883146,8.638711737598918,23.0,0.4145877084130244,1.2519669865859504,4297772.861175628,920366.1595628461,129833.481646183,157.96710000000002,8.638711737598918,23.0,862.266166381354,1526.3247422680413,0.4640478025469603,0.80411491206397,40.027835986739255,0.24787878787878787,25.01635634062617,10,0.260759308393559,0.5456478405315615
US.DDOG,2026-05-07,23268068.0,4381154.0,37176,9332,30784,1539.2,159.14939999999999,0.247238448,51152456867.33,274.75494686548353,13.737747343274176,10.658119884634988,82.58407079646018,0.45858379481964373,4.763449394614153,9847225.292410936,2053489.1950847001,326048.150145922,159.14939999999999,10.658119884634988,82.58407079646018,901.9523455578513,1950.7875354107648,0.2639013434727816,0.5667157016422699,34.55004063426443,0.19271613190730835,24.65807636080694,20,0.5499289418142203,0.3501852255393332
US.DE,2026-05-07,1140000.0,1140000.0,300,300,2,2.0,40.798,0.628600602,159806272322.48,13.946539697563276,13.946539697563276,150.0,150.0,9.634237036035428,9.634237036035428,716604.68628,730348.3541400001,6232.76532,40.798,150.0,150.0,3800.0,3800.0,0.0,0.0,0.7388766307763285,0.03225806451612903,25.79722812059389,1,0.0,0.0
US.DELL,2026-05-07,49381188.0,4468748.0,61127,10270,33083,870.6052631578947,67.68805263157896,0.5590436439210527,154204730098.8,528.290610999087,13.902384499975973,132.6121261714795,3656.0,74878.5317171503,1255547.0,30162161.048682388,10105224.46406428,545619.308907142,67.68805263157896,132.6121261714795,3656.0,1535.6091217498576,3877.1523178807947,3.477766419538673,25.347506132461156,5.955252560265246,0.11323883052396258,25.761546972701147,38,0.057145767389083606,0.020842031430050603
US.DHI,2026-05-07,656200.0,656200.0,340,340,97,97.0,34.916,0.994759333,42301570871.21,13.39422242343361,13.39422242343361,3.5051546391752577,3.5051546391752577,0.45350596323712866,0.45350596323712866,652761.0743146,2317.9661296,1213.1215334,34.916,3.5051546391752577,3.5051546391752577,1930.0,1930.0,0.0,0.0,5.317679611188741,0.1,24.468090058767967,1,0.0,0.0
US.DIS,2026-05-07,685450.0,685450.0,404,404,873,873.0,0.0,0.0,187647424477.44,13.437832294758598,13.437832294758598,0.4627720504009164,0.4627720504009164,0.07266019747630766,0.07266019747630766,0.0,0.0,0.0,0.0,0.4627720504009164,0.4627720504009164,1696.6584158415842,1696.6584158415842,0.17504240016687977,0.17504240016687977,0.0,0.1,25.957830637298372,1,0.0,0.0
US.DOCN,2026-05-07,14340450.0,4445400.0,6162,2176,6189,1031.5,123.29516666666666,0.6450415621666666,16801589499.19,87.64160006481985,14.606933344136642,627.2847041160608,1440.0,1803247.5936491236,4445400.0,8763078.947270863,5062834.885130667,84301.633117624,123.29516666666666,627.2847041160608,1440.0,3030.1650960383436,5652.04329004329,0.18116448162082155,0.6760869565217392,9.177792293117424,0.07592978442347237,23.544739331986634,6,0.0,0.0
US.DOW,2026-05-07,968686.0,968686.0,10768,10768,70,70.0,45.515,0.281221976,27748545363.0,13.783696825276941,13.783696825276941,153.82857142857142,153.82857142857142,3.594382189239332,3.594382189239332,272415.791043536,36034.707508449996,65097.687912358,45.515,153.82857142857142,153.82857142857142,89.95969539375929,89.95969539375929,0.07406985356959717,0.07406985356959717,0.7901945385128728,0.03225806451612903,24.0464492564496,1,0.0,0.0
US.DUOL,2026-05-07,549147.0,549147.0,431,431,200,200.0,70.111,0.491545906,4893209147.34,13.216123265217691,13.216123265217691,2.155,2.155,0.2614487716625405,0.2614487716625405,269930.959642182,124537.34083860299,5494.272297140999,70.111,2.155,2.155,1274.122969837587,1274.122969837587,0.1604304472307236,0.1604304472307236,0.34566990439404105,0.009259259259259259,22.311114192738003,1,0.0,0.0
US.DVA,2026-05-07,7725287.0,3311197.0,3366,1539,2275,758.3333333333334,35.957,0.798878316,12447096000.0,44.19249310823248,14.730831036077495,64.68484193458853,192.375,5.697331150145043,16.855735506498867,6188401.59549727,2067820.153339366,50044.738053895,35.957,64.68484193458853,192.375,2400.565374774516,2953.7885816235503,0.7858897311191906,1.03124446281968,0.268057825254946,0.011164940416527451,23.244753179717705,3,0.0,0.0
US.DVN,2026-05-07,2334405.0,616772.0,41269,26108,53900,13475.0,38.6335,-0.0660678045,28938600000.0,53.104034321202015,13.276008580300504,6.00924854731235,14.510752688172044,0.325441682655789,0.6487966001851384,777393.980378488,110038.217271081,83292.47553818,38.6335,6.00924854731235,14.510752688172044,222.90381429685064,616.1558441558442,0.265806688306211,0.463235294117647,0.37928585272704873,0.019360269360269362,24.088442181063908,4,0.35908252810699376,0.024858448395748484
US.DY,2026-05-07,648418.0,648418.0,202,202,1438,1438.0,51.583,0.795271662,13741914250.22,13.382292371313781,13.382292371313781,0.1404728789986092,0.1404728789986092,0.009850071011511018,0.009850071011511018,515668.460530716,132250.89435576,4967.074460146,51.583,0.1404728789986092,0.1404728789986092,3209.990099009901,3209.990099009901,0.15136818302575725,0.15136818302575725,3.064508559844189,0.1,23.343716433630426,1,0.0,0.0
US.EA,2026-05-07,9434944.0,2925430.0,17577,5002,23396,4679.2,18.6392,-0.2587336,50248443033.27,72.07779930669606,14.415559861339213,1005.2584605051427,5002.0,585086.1464024477,2925430.0,2317994.922036362,2738481.440450208,171717.940018854,18.6392,1005.2584605051427,5002.0,557.0973212848492,610.0,0.18366216148309814,0.3515456669161508,0.08902844880737419,0.011035007610350075,24.640245399012933,5,0.0,0.0
US.EBAY,2026-05-07,1752703.0,1752703.0,4361,4361,4848,4848.0,37.699,0.649811258,48018600000.0,14.37667029625185,14.37667029625185,0.8995462046204621,0.8995462046204621,0.03342867747246292,0.03342867747246292,1138926.141330374,109961.270105924,101703.43095386,37.699,0.8995462046204621,0.8995462046204621,401.9039211190094,401.9039211190094,0.5266174679372359,0.5266174679372359,2.2675611448148865,0.1,24.59485427281639,1,0.0,0.0
US.EL,2026-05-07,625670.0,625670.0,1001,1001,2709,2709.0,45.755,-0.320048063,31356765283.05,13.34657995282221,13.34657995282221,0.3695090439276486,0.3695090439276486,0.026648178579723254,0.026648178579723254,200244.47157721,117756.41407201,9362.33317364,45.755,0.3695090439276486,0.3695090439276486,625.044955044955,625.044955044955,0.060580767625637806,0.060580767625637806,0.1548787304259043,0.007352941176470588,24.168695879278477,1,0.0,0.0
US.ENTG,2026-05-07,2110570.0,1173775.0,1542,1021,1097,548.5,61.774,0.477685939,23768650000.0,27.725957281885687,13.862978640942844,1.422643173272104,1.9264150943396225,0.12404932562929943,0.1420935333838544,991328.0537346499,697243.737766335,15866.76259892,61.774,1.422643173272104,1.9264150943396225,1473.8518651504583,1798.071017274472,0.2519567302674427,0.27872798682376787,0.3068983444757058,0.009259259259259259,23.89163332246923,2,0.0,0.0
US.EOG,2026-05-07,1750250.0,614282.0,2106,864,146,48.666666666666664,39.645,0.402705962,71739736705.7,39.82479990189119,13.274933300630396,312.34731934731934,620.0,20.799420355920464,39.81921449253842,1233070.1585248131,204673.95542649302,43543.270925659,39.645,312.34731934731934,620.0,846.6903765713818,964.056270096463,0.032418078045008784,0.09074074074074077,1.8127820672040424,0.07123287671232877,24.996310638939267,3,0.5407564297585847,0.6956521739130435
US.EQT,2026-05-07,957738.0,957738.0,19537,19537,18002,18002.0,38.97,-0.189205823,35877418080.0,13.772330577245047,13.772330577245047,1.085268303521831,1.085268303521831,0.009275061952670065,0.009275061952670065,181209.60650837398,47279.214281262,36496.893568344,38.97,1.085268303521831,1.085268303521831,49.021753595741416,49.021753595741416,0.3983703033046628,0.3983703033046628,0.5077518005034245,0.02631578947368421,24.30337391170942,1,0.0,0.0
US.ETN,2026-05-07,22467053.0,16506143.0,1065,739,1073,536.5,0.0,0.0,163625737000.0,32.21997711290683,16.109988556453416,0.9937792590041895,0.9969418960244648,0.4788352787174076,0.5250764624442521,0.0,0.0,0.0,0.0,0.9937792590041895,0.9969418960244648,20310.391069012177,22335.78213802436,0.003603940786133678,0.007207881572267356,0.0,0.010525785656728445,25.820847565374123,2,0.0,0.0
US.FANG,2026-05-07,1432986.0,730246.0,1053,534,1008,504.0,33.567,0.7800131385,54878292288.4,26.96388179391588,13.48194089695794,10.252663324455584,19.96153846153846,0.711812920417871,1.3855065377517704,1122208.08774582,257953.35635713598,17461.320484546,33.567,10.252663324455584,19.96153846153846,1360.7644238055032,1367.5018726591761,0.0783319820573001,0.10975344805627765,1.2724934169940438,0.05684931506849315,24.728383702704235,2,0.0,0.0
US.FCX,2026-05-07,8836845.0,5210070.0,36098,22380,82061,13676.833333333334,49.73666666666667,0.5099928085,87511205789.34,82.91224077233102,13.818706795388502,1.099098788353734,4.756641870350691,0.040423676775693924,0.18186032232825555,3559242.698887403,715291.051105358,332726.423520024,49.73666666666667,1.099098788353734,4.756641870350691,348.35453272484557,760.656010230179,0.5845677189786008,1.1856308617943725,1.377567283011959,0.04698007471980075,25.195032688285522,6,0.0,0.0
US.FE,2026-05-07,1649200.0,893950.0,1230,680,245,122.5,27.1615,0.4684977495,26347540021.25,27.238211666123057,13.619105833061528,15.261111111111111,27.5,5.27488108305891,9.812843029637762,707665.85061975,14602.8116175,11011.56237075,27.1615,15.261111111111111,27.5,1368.0127005347595,1625.3636363636363,0.06327656807059627,0.09003794456235131,0.39650412437089705,0.022727272727272728,23.9946407497863,2,0.0,0.0
US.FLEX,2026-05-07,6958781.0,2255429.0,5807,3555,4185,697.5,46.46616666666667,0.525586007,49536707780.52,83.25229469900972,13.875382449834953,62.959160953126464,323.1818181818182,3.228206945346999,15.218511096266607,3848000.372208467,597826.2237690941,79588.071009835,46.46616666666667,62.959160953126464,323.1818181818182,2340.4588244360866,3827.019047619048,14.133283749391778,48.07692307692308,1.648667273992383,0.07129206639256891,24.625979803036728,6,0.0,0.0
US.FTNT,2026-05-07,10967361.0,6065399.0,30093,12182,21672,4334.4,110.33600000000001,0.141248481,65852579127.65,70.69092009274104,14.138184018548207,10.533629588193833,25.833333333333332,0.3897328948129199,0.8016547654679951,3945459.421637296,1050422.619534662,267261.137048763,110.33600000000001,10.533629588193833,25.833333333333332,348.54953006206523,518.1001964636542,0.1952530183891829,0.2884122372244061,22.879911305708788,0.16242424242424242,24.9106844310908,5,4.409451999660656,3.8505802707930368
US.GE,2026-05-07,34062955.0,9611198.0,56735,9725,51479,3431.9333333333334,45.912866666666666,0.5245833835333333,319083826580.05,213.0101850805868,14.200679005372454,1.3060498715972015,4.935992578849722,0.025056832378738472,0.09996502029975274,17824466.697340403,7642929.144934296,611334.017500181,45.912866666666666,1.3060498715972015,4.935992578849722,1007.801870837616,2404.088888888889,3.6803709021741797,17.034068136272545,6.309417157395,0.14584373143196672,26.488719684461778,15,0.0,0.0
US.GEV,2026-05-07,2806402.0,940864.0,2184,738,2229,557.25,52.94525,0.1499892425,300686925605.2,53.723940384137165,13.430985096034291,1.408528617221663,3.3181818181818183,0.01662784546017675,0.031101177902672146,718369.836496397,1752747.915785723,6135.044341049,52.94525,1.408528617221663,3.3181818181818183,1672.7250681201526,3596.7954545454545,0.4508538812264896,0.7323881380758921,1.8103349823703803,0.06136363636363637,26.42933544613596,4,1.110706729753167,1.279749478079332
US.GLW,2026-05-07,69898969.0,5551379.0,73502,7595,80971,1686.8958333333333,80.31735416666668,0.47572597043750003,156266009885.25,673.017930823179,14.021206892149563,3.903681277686777,86.3,0.2693552338794965,8.248416588643499,38861443.75726507,11710195.398472372,964008.646316918,80.31735416666668,3.903681277686777,86.3,1707.2819758685437,4215.170083523159,4.384612888370441,32.49444855662472,8.778104962660569,0.11923679084499085,25.77482558358592,48,0.08103340213591224,0.08277477424391969
US.GME,2026-05-07,5894490.0,1777935.0,68385,20756,167352,27892.0,56.6285,0.34695557650000003,11285602701.69,82.21116468376282,13.701860780627136,0.761357706851272,1.5249605885444035,0.029643155848603425,0.055814001512876285,2721635.738994631,137507.492165694,885941.8935726241,56.6285,0.761357706851272,1.5249605885444035,115.87723422647058,202.31225905936776,0.7418009259685999,1.7704918032786887,3.794577369629174,0.09338978015448603,23.146793653205822,6,0.11789470929283201,0.05010595497681275
US.GOOG,2026-05-07,225970170.0,22291279.0,176596,12304,219141,2578.1294117647058,33.71998823529412,0.4323473079294118,4787516240000.0,1212.5520632908745,14.265318391657347,25.770823595286117,1182.0,10320.47621949531,877162.0,121636277.66732621,102358805.32893285,2072031.9972740891,33.71998823529412,25.770823595286117,1182.0,2350.3790027026034,31888.046210720888,0.7032970351881938,6.1,2.5972913964919777,0.09212480967989845,29.19703286259687,85,0.27869517531363375,0.3422820832446566
US.GOOGL,2026-05-07,245039609.0,16956014.0,262767,32398,401777,3652.518181818182,32.91718181818182,0.4361083972,4820023468000.0,1569.7000162127401,14.270000147388547,61.89392082576167,1739.0,27161.120158131595,1196589.0,147143610.42382124,78401291.46663783,3208244.237307271,32.91718181818182,61.89392082576167,1739.0,2156.52386733491,10327.457746478873,0.5122456218300369,3.951219512195122,2.048118331870702,0.09000761957147348,29.20379991285908,110,0.06216205868107099,0.1264065775316252
US.GS,2026-05-07,1230633.0,1230633.0,248,248,207,207.0,31.938,-0.358439041,276525206074.35,14.02304004170582,14.02304004170582,1.1980676328502415,1.1980676328502415,0.06342440877496922,0.06342440877496922,441106.91234295303,2611272.076210557,2566.524501756,31.938,1.1980676328502415,1.1980676328502415,4962.229838709677,4962.229838709677,0.04481119376672818,0.04481119376672818,0.10377511989552422,0.007352941176470588,26.34556781496671,1,0.0,0.0
US.GXO,2026-05-07,1625507.0,1625507.0,4844,4844,3,3.0,39.427,-0.322130866,5742006899.93,14.301330940276582,14.301330940276582,1614.6666666666667,1614.6666666666667,108.56254591598211,108.56254591598211,523625.977599062,99761.199161013,86618.77837966601,39.427,1614.6666666666667,1614.6666666666667,335.5712221304707,335.5712221304707,0.1322932347976826,0.1322932347976826,0.43560645925309793,0.022727272727272728,22.47107462047842,1,0.0,0.0
US.HD,2026-05-07,796564.0,796564.0,501,501,346,346.0,32.992,-0.355792052,321766734916.9,13.588064012033326,13.588064012033326,1.4479768786127167,1.4479768786127167,0.07126476064032036,0.07126476064032036,283411.14010932803,517577.62315664,5208.3137999,32.992,1.4479768786127167,1.4479768786127167,1589.9481037924152,1589.9481037924152,0.01392451839910882,0.01392451839910882,0.13799333005788145,0.009259259259259259,26.497092694246906,1,0.0,0.0
US.HIMS,2026-05-07,1816295.0,674627.0,8501,4075,5488,1829.3333333333333,98.93933333333332,-0.10592435533333334,6211189313.28,39.92349441368472,13.30783147122824,2.3958490471893854,3.4680851063829787,0.20307492633578253,0.3814244780358952,641389.72445997,61892.872928897006,80706.35996966099,98.93933333333332,2.3958490471893854,3.4680851063829787,240.1556388032952,335.1351217088922,0.17356142059360993,0.2902968285071485,1.784249966541161,0.03174981075867458,22.54961823054207,3,2.4965194491181193,1.0861349693251534
US.HL,2026-05-07,605864.0,605864.0,2256,2256,6795,6795.0,64.504,0.493257057,12173430114.45,13.314412467956794,13.314412467956794,0.33200883002207504,0.33200883002207504,0.04912573456823909,0.04912573456823909,298846.693582248,26675.022602480003,33942.915042176,64.504,0.33200883002207504,0.33200883002207504,268.5567375886525,268.5567375886525,0.5266106442577031,0.5266106442577031,0.254638938295501,0.007352941176470588,23.222521554311637,1,0.0,0.0
US.HLT,2026-05-07,3100998.0,3100998.0,1239,1239,165,165.0,28.677,0.575931224,73191228081.72,14.947234875605913,14.947234875605913,7.509090909090909,7.509090909090909,0.5845518731214355,0.5845518731214355,1785961.5737615519,2374175.20425702,21669.383298252,28.677,7.509090909090909,7.509090909090909,2502.823244552058,2502.823244552058,0.20448877805486274,0.20448877805486274,0.12737375340491947,0.007352941176470588,25.016341415797378,1,0.0,0.0
US.HON,2026-05-07,1395183.0,1395183.0,4340,4340,1999,1999.0,27.497,0.23860081,137414015386.34,14.148536864181187,14.148536864181187,2.1710855427713858,2.1710855427713858,0.03218391912916709,0.03218391912916709,332891.79389823,416016.981202386,16334.796983268,27.497,2.1710855427713858,2.1710855427713858,321.47073732718894,321.47073732718894,0.6947368421052631,0.6947368421052631,0.20757593220025441,0.0136986301369863,25.64626421580725,1,0.0,0.0
US.HOOD,2026-05-07,14567095.0,2504518.0,68319,17820,78964,7178.545454545455,68.20109090909091,0.5950567703636364,71184924755.85,154.06468274438598,14.005880249489634,1.2619951226059454,5.558178752107926,0.035128890308808065,0.13356959168370608,8220049.787658082,734132.181843757,847253.865539183,68.20109090909091,1.2619951226059454,5.558178752107926,368.56260893303335,808.859375,0.7206162240344297,1.2531645569620253,12.467302826693007,0.20537756141741195,24.988546902003062,11,0.0,0.0
US.HPE,2026-05-07,841363.0,841363.0,6726,6726,41,41.0,47.686,0.312591594,40296558682.93,13.642779663390083,13.642779663390083,164.0487804878049,164.0487804878049,6.757013098613041,6.757013098613041,263003.00130262197,48960.075733666,38007.404871793005,47.686,164.0487804878049,164.0487804878049,125.09113886410942,125.09113886410942,0.040430177084175664,0.040430177084175664,0.2372548739261769,0.009259259259259259,24.419531909794593,1,0.0,0.0
US.HUM,2026-05-07,599032.0,599032.0,796,796,445,445.0,38.612,-0.385528766,29574749295.0,13.303071967399788,13.303071967399788,1.7887640449438202,1.7887640449438202,0.054647802778496186,0.054647802778496186,230944.067754512,193260.759933416,7060.630841488,38.612,1.7887640449438202,1.7887640449438202,752.5527638190955,752.5527638190955,0.0632916733474544,0.0632916733474544,0.4242064413986852,0.022727272727272728,24.11018676988567,1,0.0,0.0
US.HWM,2026-05-07,4661383.0,1998768.0,3250,1383,2241,560.25,59.39875,0.5480406879999999,102754977421.51,55.55028310136865,13.887570775342162,4.100084221136777,13.298076923076923,0.138196413472994,0.2541351815910175,2617712.935862283,1881624.942206452,43110.663177121,59.39875,4.100084221136777,13.298076923076923,1889.8568871747145,3289.9540983606557,0.5902571801248899,1.5657539529502504,8.619901070327508,0.09653520499108734,25.3556131312177,4,0.0,0.0
US.IBM,2026-05-07,631691.0,631691.0,3647,3647,519,519.0,48.104,-0.330570528,212169703107.2,13.356157212567245,13.356157212567245,7.026974951830443,7.026974951830443,0.05391738376869872,0.05391738376869872,208818.42740284797,37356.723792913996,29166.572033874003,48.104,7.026974951830443,7.026974951830443,173.2083904579106,173.2083904579106,1.1194029850746268,1.1194029850746268,14.246807575423944,0.3333333333333333,26.080652277759526,1,0.0,0.0
US.IFF,2026-05-07,954711.0,954711.0,1335,1335,1638,1638.0,51.021,0.905239155,21172317015.89,13.769165003300657,13.769165003300657,0.815018315018315,0.815018315018315,0.070282364446117,0.070282364446117,864241.778909205,20863.968735411,24366.327948333,51.021,0.815018315018315,0.815018315018315,715.1393258426966,715.1393258426966,2.4096385542168672,2.4096385542168672,3.1180485172740307,0.1,23.775960364233132,1,0.0,0.0
US.INSM,2026-05-07,616132.0,616132.0,841,841,332,332.0,99.06,-0.42781281,29591171106.41,13.331218128301552,13.331218128301552,2.533132530120482,2.533132530120482,0.1353723303748219,0.1353723303748219,263589.16225091997,51895.214284628004,11375.442408572,99.06,2.533132530120482,2.533132530120482,732.6183115338882,732.6183115338882,0.24366197183098598,0.24366197183098598,5.624344487589666,0.1,24.110741880385756,1,0.0,0.0
US.INTC,2026-05-07,353252397.0,14579333.0,708527,37610,880516,5031.52,91.36932,0.3273702001542857,567988260000.0,2482.5179685446888,14.185816963112508,78.84927241898251,8515.0,23004.533675122377,1375378.0,199513056.75006795,29967185.71248358,6588877.771593799,91.36932,78.84927241898251,8515.0,1368.9482417943962,7873.090909090909,0.4103366876576513,1.3089869101308986,7.65312549891749,0.1063644983603018,27.06536658644163,175,0.3941561852650464,0.7905208359657325
US.INTU,2026-05-07,3025000.0,2475000.0,500,250,94,47.0,53.057,-0.1740103795,107453502500.0,27.939426733414066,13.969713366707033,5.627394636015326,6.944444444444445,1.0067270444047054,1.7693990477416035,1794833.563325,2638566.83145,8966.86285,53.057,5.627394636015326,6.944444444444445,6050.0,9900.0,0.0,0.0,0.17068026588834773,0.006725251076040172,25.40032405606952,2,4.5,1.0
US.ISRG,2026-05-07,852048.0,852048.0,557,557,41,41.0,29.237,0.394809946,159985980616.66,13.655399315894805,13.655399315894805,13.585365853658537,13.585365853658537,0.4600460128082121,0.4600460128082121,336397.024869408,657675.799954416,5595.651422208,29.237,13.585365853658537,13.585365853658537,1529.709156193896,1529.709156193896,0.05236835903746961,0.05236835903746961,0.2250105793159257,0.0136986301369863,25.798352027201656,1,0.0,0.0
US.JAZZ,2026-05-07,548289.0,548289.0,212,212,327,327.0,0.0,0.0,14341126367.4,13.21455962303505,13.21455962303505,0.6483180428134556,0.6483180428134556,0.07335716719789132,0.07335716719789132,0.0,0.0,0.0,0.0,0.6483180428134556,0.6483180428134556,2586.2688679245284,2586.2688679245284,0.33217662766547545,0.33217662766547545,0.0,0.1,23.386397216341436,1,0.0,0.0
US.JBL,2026-05-07,1204586.0,700970.0,3942,2272,0,0.0,59.1675,-0.050092371499999996,39282846275.48,26.58979313322134,13.29489656661067,1971.0,2272.0,602293.0,700970.0,222267.101281578,190029.20787947197,13680.23938503,59.1675,1971.0,2272.0,305.0459976174412,308.5255281690141,0.7680433160647745,1.4581026208933188,9.187256873196743,0.178030303030303,24.394053779021338,2,1.3918739674672767,1.3604790419161676
US.JD,2026-05-07,751826.0,751826.0,3696,3696,28868,28868.0,41.888,0.602544506,41917038265.08,13.530261523274193,13.530261523274193,0.1280310378273521,0.1280310378273521,0.008486014227386525,0.008486014227386525,453008.62576795596,30541.721561966002,65723.475618916,41.888,0.1280310378273521,0.1280310378273521,203.41612554112555,203.41612554112555,0.512987012987013,0.512987012987013,0.5301661547653665,0.022727272727272728,24.458958222413607,1,0.0,0.0
US.JNJ,2026-05-07,2966888.0,2426851.0,7277,6211,16571,8285.5,20.681,0.01503471549999999,540709076026.02,27.901500288649764,13.950750144324882,0.37729222355524483,0.5048772557307755,0.0072071692982983455,0.008782516359101456,1148384.601151645,873908.226286051,76889.329732114,20.681,0.37729222355524483,0.5048772557307755,448.66782780837605,506.6013133208255,0.2439903169509655,0.24712041884816754,0.24380903227080597,0.022727272727272728,27.0161472188917,2,0.2225258163768604,0.17163097729834165
US.JPM,2026-05-07,10216131.0,5105595.0,18739,7581,12669,1583.625,24.250125,0.3185022875,843778145528.2,109.81799114699436,13.727248893374295,2.7741950848468626,9.633401221995927,0.048264607899975394,0.12849801574224423,3729231.4869481293,5262541.7347300025,153051.55081629,24.250125,2.7741950848468626,9.633401221995927,901.5085900828655,2343.465703971119,0.4970713976572082,2.391304347826087,1.431461903232784,0.06115879305128485,27.461155436241032,8,0.05996826361246995,0.03501795084230876
US.LEN,2026-05-07,693709.0,693709.0,1991,1991,449,449.0,43.408,0.412992401,22299847719.84,13.449809284722857,13.449809284722857,4.434298440979956,4.434298440979956,0.1706437937581145,0.1706437937581145,286496.545505309,83858.490795832,20046.951135725998,43.408,4.434298440979956,4.434298440979956,348.42240080361626,348.42240080361626,0.6170212765957446,0.6170212765957446,0.5363441149089996,0.022727272727272728,23.827845686727287,1,0.0,0.0
US.LH,2026-05-07,1198570.0,1198570.0,2187,2187,1961,1961.0,22.005,-0.620744276,21069080000.0,13.996640571819478,13.996640571819478,1.1152473227944926,1.1152473227944926,0.023787789663678754,0.023787789663678754,744005.46688532,182684.66583878,52193.88927457001,22.005,1.1152473227944926,1.1152473227944926,548.0429812528578,548.0429812528578,0.2156401482748788,0.2156401482748788,1.1748412568434612,0.1,23.771072399879454,1,0.0,0.0
US.LITE,2026-05-07,93487755.0,29001410.0,18195,2593,15471,552.5357142857143,110.39967857142857,0.16000798125,67704876000.0,402.40979329976557,14.371778332134484,3.5931602061444474,27.266666666666666,0.2603986867361356,4.203408593496279,52360566.40434692,75713206.95225298,143568.966319508,110.39967857142857,3.5931602061444474,27.266666666666666,6031.509667564625,51788.232142857145,0.6274960940645684,1.341698176245048,18.258215800905454,0.19832032051954518,24.93842403791951,28,0.5099639420221298,0.7581408831771186
US.LLY,2026-05-07,6612118.0,2362360.0,3387,856,9948,1421.142857142857,33.01757142857143,0.357447996,929545854792.3,95.34234561837853,13.62033508833979,0.8247885277982909,2.0416666666666665,0.01955752772525533,0.055156396547410176,2655396.7898915256,6670316.476850546,36189.019820444,33.01757142857143,0.8247885277982909,2.0416666666666665,2111.6083805588382,4173.780918727915,0.21560066439973094,0.4278265988310978,2.275656515482624,0.0838044308632544,27.55796197564343,7,0.0,0.0
US.LMT,2026-05-07,673900.0,673900.0,253,253,142,142.0,32.08,-0.343924507,118569641050.08,13.420838494832896,13.420838494832896,1.7816901408450705,1.7816901408450705,0.09228356566498122,0.09228356566498122,231770.7252673,773026.8838128,2509.2430635,32.08,1.7816901408450705,1.7816901408450705,2663.6363636363635,2663.6363636363635,0.12119656657256105,0.12119656657256105,0.1046493601774791,0.007352941176470588,25.498766313095285,1,0.0,0.0
US.LOW,2026-05-07,700971.0,700971.0,615,615,354,354.0,32.539,-0.325063539,130701877339.41,13.460223222280328,13.460223222280328,1.7372881355932204,1.7372881355932204,0.08484998362242833,0.08484998362242833,227860.113996369,356996.080094595,5537.139563982,32.539,1.7372881355932204,1.7372881355932204,1139.790243902439,1139.790243902439,0.03690036900369004,0.03690036900369004,0.1067679287009238,0.007352941176470588,25.596184821210308,1,0.0,0.0
US.LRCX,2026-05-07,48672559.0,6355178.0,22857,2363,49760,1658.6666666666667,64.87833333333333,0.3716468090333333,371632184070.0,421.76184658186867,14.058728219395622,15.677016225829878,341.0,38918.7288368195,1167552.0,29730450.135705385,14247628.806300096,283903.19884335,64.87833333333333,15.677016225829878,341.0,2868.2154846122094,12790.88319088319,0.702190088265439,4.567741935483871,4.825012477419875,0.08342630579969298,26.641170449584045,30,0.557861277426455,0.45022523951525917
US.LULU,2026-05-07,655538.0,655538.0,978,978,1495,1495.0,55.115,-0.342849972,15263643369.28,13.393213076983546,13.393213076983546,0.6541806020066889,0.6541806020066889,0.033208645601464644,0.033208645601464644,224751.18494493602,109033.332635006,9683.339876496,55.115,0.6541806020066889,0.6541806020066889,670.2842535787321,670.2842535787321,0.13148788927335645,0.13148788927335645,0.6181254402373086,0.022727272727272728,23.448739587273003,1,0.0,0.0
US.LYV,2026-05-07,994355.0,994355.0,1081,1081,4247,4247.0,31.266,0.599354877,39529508448.3,13.809850570412065,13.809850570412065,0.25453261125500354,0.25453261125500354,0.013951325908770643,0.013951325908770643,595971.518719335,221135.277650915,21362.606480464998,31.266,0.25453261125500354,0.25453261125500354,919.8473635522664,919.8473635522664,0.32110288136318876,0.32110288136318876,0.407633660068109,0.022727272727272728,24.400313279300384,1,0.0,0.0
US.MAR,2026-05-07,127909016.0,81965288.0,32608,15938,17627,4406.75,29.36225,0.73379408725,95126481406.58,63.476575203857074,15.869143800964268,47.42063908024983,187.50588235294117,6.7551128072624715,26.856166264199658,92942304.32211262,78645580.57527627,790460.8770212621,29.36225,47.42063908024983,187.50588235294117,3354.090873818828,5142.758689923453,0.23867059235610472,0.36782199126422765,0.33084895535517395,0.01888368983957219,25.27847322627985,4,0.0,0.0
US.MCD,2026-05-07,2739469.0,796193.0,3340,1476,3626,906.5,31.809,0.032992839750000016,201946129967.1,53.70088470825198,13.425221177062994,1.4140114343622652,2.4327731092436973,0.048611624859675386,0.11003907370762453,1265807.831906197,1305808.929207096,47286.38235455599,31.809,1.4140114343622652,2.4327731092436973,991.7194612752837,1540.0251450676983,0.2536071972648772,0.48759556873147136,4.756797239197144,0.0926916221033868,26.031266815455055,4,0.9346464172089788,0.6253041362530414
US.MCHP,2026-05-07,2524628.0,1064548.0,3374,1508,4757,1585.6666666666667,38.10333333333333,0.07328882000000002,55693661337.36,40.8795017146558,13.626500571551935,2.7533736561193014,6.934010152284264,0.2252664458674347,0.5250482854950176,786904.7881034601,285425.87183912005,29489.085994324,38.10333333333333,2.7533736561193014,6.934010152284264,902.4710688917284,1436.0,0.1648356350192333,0.2700729927007299,0.3612698622898101,0.12325307873253077,24.74313217737449,3,0.41630295509573934,0.8081457663451233
US.MCK,2026-05-07,7175235.0,2185280.0,3310,841,526,105.2,60.061,-0.3201707224,91090246403.52,70.54699556534123,14.109399113068246,23.497702666452064,64.88888888888889,0.5022131545939199,1.0537943754056165,3241590.905740162,3187445.037268127,39208.291034905,60.061,23.497702666452064,64.88888888888889,2182.5190728160605,3256.218556701031,1.657578813027619,2.3987974696757766,3.405999980581112,0.1,25.23511657076611,5,9.509346054473978,4.667808219178082
US.META,2026-05-07,150989574.0,6213333.0,162870,11562,230125,2474.462365591398,32.95303225806452,0.2536279009139785,1555748874555.52,1310.6879873127216,14.093419218416361,20.043536689667764,1298.0,11879.337976555908,573816.0,71335082.59897946,95049809.16953696,1688369.5572227659,32.95303225806452,20.043536689667764,1298.0,1997.3135135629109,10755.348258706468,0.9378323059735331,3.1586206896551725,2.7665310259895346,0.11181656784802833,28.072978136986524,93,0.22609846499006397,0.3425380208547995
US.MP,2026-05-07,6226012.0,1144779.0,12207,2701,31884,3985.5,80.542125,0.544910494875,12933079696.15,108.30874542338499,13.538593177923124,0.4381693922888468,1.0385329619312906,0.031083027583222525,0.07315438042892718,3334222.5069055012,620961.045864798,154460.969149096,80.542125,0.4381693922888468,1.0385329619312906,667.7164251783587,1334.4990138067062,0.6635477097254333,1.47329650092081,5.480202217372657,0.06736853832442068,23.283054183670128,8,0.0,0.0
US.MRNA,2026-05-07,625450.0,625450.0,8989,8989,1250,1250.0,81.271,0.350380265,19359201576.61,13.346228268490439,13.346228268490439,7.1912,7.1912,0.10255380200860832,0.10255380200860832,219145.33674425,8175.06618775,80840.64901465,81.271,7.1912,7.1912,69.5794860384915,69.5794860384915,1.6845329249617151,1.6845329249617151,24.370721985326718,0.3333333333333333,23.686433677118487,1,0.0,0.0
US.MRVL,2026-05-07,55939616.0,4073762.0,71025,10132,168798,4562.108108108108,76.5285135135135,0.2938206487027027,150510745000.0,518.6676617121356,14.018044911138798,7.973115114808681,224.0,1.6162351160147521,53.58338658146965,24575264.4963183,10700396.733755114,417823.461794479,76.5285135135135,7.973115114808681,224.0,2014.234886145782,7502.324125230202,0.45070280041387545,3.285714285714286,4.308477215106402,0.07730408092109113,25.737300313942296,37,0.69148468290235,2.1534431470052833
US.MS,2026-05-07,1172455.0,626223.0,3158,1866,5775,2887.5,26.701999999999998,0.360302091,304968019366.95,26.558264317179486,13.279132158589743,5.356992008158463,10.48314606741573,0.08224992437250739,0.15871316788847145,425157.786011714,255129.371455636,28893.742097257,26.701999999999998,5.356992008158463,10.48314606741573,388.71077809191036,484.69272445820434,0.5712249902943879,0.78419452887538,0.4781019524963114,0.032196969696969696,26.44347275352489,2,0.0,0.0
US.MSFT,2026-05-07,114935377.0,5586655.0,174103,17789,454111,6220.698630136986,28.22713698630137,0.23753548347945205,3074376557205.664,1021.7852955583619,13.997058843265231,4.60563174789603,254.0,27601.633023716706,2014913.0,54796307.030984186,49306422.343990415,1676698.88262221,28.22713698630137,4.60563174789603,254.0,1558.0063741101249,11856.357388316152,0.7254742858186926,2.1052631578947367,2.3042929267700716,0.09992935204844991,28.754123251007506,73,0.23242166454537,0.1909690394429015
US.MSTR,2026-05-07,193444830.0,58937665.0,205161,19039,419689,7362.964912280701,73.37449122807017,0.33487166985964917,64794083948.22,810.508564001756,14.219448491258877,0.802614181134737,4.592087312414734,0.04182596779285215,0.2961665480963838,135350637.28407788,24019946.775047835,2322095.699793544,73.37449122807017,0.802614181134737,4.592087312414734,1339.318452748566,4498.3716226530305,0.324453958589723,0.9090909090909091,8.171025593812738,0.14105695571917215,24.89448013905687,57,0.08426943027996546,0.16275418829770352
US.MTSI,2026-05-07,18904111.0,9890735.0,4092,1963,3241,648.2,103.3854,0.5422447734,23239458425.7,73.00919576170904,14.601839152341807,7.081450268778075,31.258064516129032,1.3458317607553791,6.273834847789123,11328177.422564726,11389784.163652487,56772.962757418,103.3854,7.081450268778075,31.258064516129032,3775.3681917293534,6218.224974200207,0.3645826311266529,0.5836059775400125,3.3161842233719563,0.04555555555555556,23.86911746516031,5,0.0,0.0
US.MTZ,2026-05-07,2772231.0,2233928.0,1514,980,966,483.0,53.525999999999996,0.554007429,34237159943.68,27.815451211870602,13.907725605935301,2.001250537533426,3.192182410423453,0.09339788002462379,0.16794309537670984,1718257.803787849,700369.963669775,27981.411663609004,53.525999999999996,2.001250537533426,3.192182410423453,1643.7882098906978,2279.5183673469387,0.29667843802272786,0.3157894736842105,3.1435907235320175,0.1,24.256577439238892,2,0.0,0.0
US.MU,2026-05-07,1196004170.0,47806585.0,471690,38540,442670,1689.5801526717557,87.48540076335878,0.2827445126946565,751973065206.8,3881.3781184514614,14.814420299433058,26.16241075018851,2803.0,35920.426593585806,2494288.0,647396153.9146303,719397585.1691167,4572790.831381465,87.48540076335878,26.16241075018851,2803.0,5195.538912295547,36110.15789473684,0.4982307956710632,1.4328768571881774,8.22830899134338,0.12389755229797518,27.345966342711968,262,0.3242994435801446,0.5424383927169989
US.NBIX,2026-05-07,783900.0,783900.0,300,300,0,0.0,40.024,0.736260585,14782858500.66,13.572038015848918,13.572038015848918,300.0,300.0,783900.0,783900.0,577154.6725815,277360.0694631,5909.5618452,40.024,300.0,300.0,2613.0,2613.0,0.0,0.0,0.12392899116998879,0.005025125628140704,23.416734137126394,1,0.0,0.0
US.NEM,2026-05-07,724171.0,724171.0,955,955,1835,1835.0,45.443,0.472011347,122875323136.4,13.492784212213566,13.492784212213566,0.5204359673024523,0.5204359673024523,0.03428701969854433,0.03428701969854433,341816.929168337,147230.163927931,12413.351850515,45.443,0.5204359673024523,0.5204359673024523,758.2942408376963,758.2942408376963,0.21000000000000013,0.21000000000000013,0.340055680193418,0.0136986301369863,25.534436045216186,1,0.0,0.0
US.NFLX,2026-05-07,19964103.0,2142597.0,96867,17469,206495,8978.04347826087,35.12834782608696,-0.1109345182173913,371687186066.56,312.4887946597571,13.586469333032918,0.7162652830366403,2.8979761114797613,0.03971399705441584,0.5562190567616504,11241276.454282273,1425893.881390152,1159700.668234637,35.12834782608696,0.7162652830366403,2.8979761114797613,609.25550253475,2312.8553719008264,0.3183530164758272,1.1066666666666667,3.391628329176413,0.11708899842080163,26.641318439798937,23,1.3888512633061942,0.8482894159400103
US.NKE,2026-05-07,1629671.0,952671.0,7970,6590,10759,5379.5,39.666,0.03494592199999999,64981323008.04,27.19245397610687,13.596226988053434,0.7006916519307524,0.7680652680652681,0.048054568654784496,0.07080514549463826,683874.734693681,139717.019136268,93618.086209862,39.666,0.7006916519307524,0.7680652680652681,317.57141804666713,490.57971014492756,0.11254667662434652,0.2153846153846154,0.2597112854817985,0.013876199177706716,24.89736572723002,2,0.7106335765442634,0.2094081942336874
US.NOW,2026-05-07,10989922.0,2182130.0,29038,7216,51527,4684.272727272727,52.24872727272727,0.09803194909090909,91837977400.0,150.75865010281865,13.705331827528967,0.8852590832117312,3.013333333333333,0.05775926150665327,0.1755415897309375,4695128.253357903,1161688.44236016,315189.203939359,52.24872727272727,0.8852590832117312,3.013333333333333,680.3295733995567,1430.0,0.2649878545083847,0.4968145420538898,3.214556804266735,0.10324225966071557,25.24329174620242,11,0.3991076456110293,0.13032308291163877
US.NRG,2026-05-07,637790.0,637790.0,346,346,251,251.0,55.121,-0.914713039,31992350768.0,13.365765922451947,13.365765922451947,1.3784860557768925,1.3784860557768925,0.16868003292195002,0.16868003292195002,583394.82914381,23270.78988958,8104.919242219999,55.121,1.3784860557768925,1.3784860557768925,1843.3236994219653,1843.3236994219653,0.04193269126717894,0.04193269126717894,2.6940305649728633,0.1,24.188762672703138,1,0.0,0.0
US.NUE,2026-05-07,4827538.0,3305998.0,1001,501,1787,893.5,39.882999999999996,0.877080803,53340242537.68,29.246483449930505,14.623241724965252,0.5661666578035063,0.6242197253433208,0.12105034461869858,0.17621630633981453,4384842.020378418,739312.7045317821,17774.42484874,39.882999999999996,0.5661666578035063,0.6242197253433208,4824.500994011976,6611.996,0.032246087478863435,0.04525981205085679,0.3944269566828069,0.0136986301369863,24.699956902721812,2,0.0,0.0
US.NVDA,2026-05-07,1080851599.0,65880472.0,2261310,195798,3871602,15363.5,46.17798015873016,0.30767879144444443,5046259500000.0,3673.4543253410384,14.57719970373428,1.487137255771366,44.5,0.05409304426127534,5.477928394288878,633164482.8806008,201682218.61190954,21844487.43284094,46.17798015873016,1.487137255771366,44.5,1242.6835263389612,6984.022304832713,1.2298791871153365,8.75,2.4419827018934206,0.07712364226470365,29.249668391698066,252,0.11969923591830962,0.18527980509773417
US.NXPI,2026-05-07,4754806.0,1770785.0,1985,620,1379,344.75,43.884,0.332256839,76637596030.45,55.79660164376093,13.949150410940232,6.851680701780792,17.952380952380953,0.6415321788556576,1.7389211787498726,2975781.2320569344,2417037.047212365,33164.166577693,43.884,6.851680701780792,17.952380952380953,2395.5944340198835,2940.2758620689656,0.218882607153643,0.4179567555786329,0.9514192078923833,0.0356308659599672,25.06235360309527,4,0.3040005792137941,0.23445273631840796
US.ON,2026-05-07,6368572.0,1663273.0,8483,2324,4217,702.8333333333334,61.89516666666666,0.48050703049999993,41451600512.07,82.84578242103152,13.807630403505252,8.399660395541678,24.982456140350877,0.7503044151442354,2.4512505618778913,2981249.518219347,1302167.905054644,81363.15096724799,61.89516666666666,8.399660395541678,24.982456140350877,796.1176220564458,1102.2352551358515,0.30856028386101775,0.4049382716049382,0.6120581488738265,0.01821703754815709,24.44779233088406,6,0.0,0.0
US.ONTO,2026-05-07,527210.0,527210.0,505,505,57,57.0,69.113,0.274899325,14627095876.35,13.175356126899654,13.175356126899654,8.859649122807017,8.859649122807017,0.31454848650277284,0.31454848650277284,144929.67313325,177402.13237071002,2522.95449243,69.113,8.859649122807017,8.859649122807017,1043.980198019802,1043.980198019802,0.1778170201546395,0.1778170201546395,0.8276475235539603,0.022727272727272728,23.406141527649734,1,0.0,0.0
US.ORA,2026-05-07,761670.0,761670.0,1002,1002,778,778.0,60.865,0.695201872,7058555327.3,13.543269982904048,13.543269982904048,1.287917737789203,1.287917737789203,0.08523509339860261,0.08523509339860261,529514.4098462401,47970.30792645,24363.90160659,60.865,1.287917737789203,1.287917737789203,760.1497005988024,760.1497005988024,0.10276928979569465,0.10276928979569465,3.595783452432489,0.1,22.67750623979291,1,0.0,0.0
US.ORCL,2026-05-07,179945687.0,13000163.0,272966,21873,579416,5571.307692307692,70.55321153846154,0.4315392098653846,558039205380.0,1458.1907706132959,14.021065102050922,1.1427970422055922,33.007936507936506,0.0333157274525682,0.4068618909365186,97041207.18722802,34214573.44958728,2323595.097195934,70.55321153846154,1.1427970422055922,33.007936507936506,1596.0865743327934,8171.648936170212,0.6322801844706301,2.117021276595745,5.799503768749231,0.09776248687844576,27.047695057398993,104,0.09310901109412265,0.1196905495370959
US.OXY,2026-05-07,3645538.0,1085052.0,27690,8485,26575,5315.0,39.3678,0.2025123092,54824264719.12,67.33750984183216,13.467501968366431,200.3042781366433,982.25,9.913364666251166,49.21317126269957,1469884.9050398509,213184.56111844,258363.397463076,39.3678,200.3042781366433,982.25,164.39518010552314,276.16492746245865,0.3920419651374939,1.0000000000000002,1.2231090738718655,0.05246765568397447,24.72739871976271,5,0.17663512007007773,0.08554179081072605
US.PANW,2026-05-07,3667572.0,1724583.0,8179,6840,22465,5616.25,45.41925,0.44377719800000004,149882880000.0,54.45142401246345,13.612856003115862,0.7368292167026661,1.7007874015748032,0.048365752761476075,0.11087195464896156,1546566.565837758,972295.364960263,65255.797482717004,45.41925,0.7368292167026661,1.7007874015748032,1171.0168563680181,1800.1642228739004,0.19977514964236828,0.5102372440688984,0.889906656916725,0.033194380995888534,25.733120026066256,4,0.0,0.0
US.PDD,2026-05-07,1141488.0,581459.0,5315,3443,13718,6859.0,43.117000000000004,0.4567797405,145627692027.22,26.509043093661656,13.254521546830828,0.41573575202585294,0.4811102544333076,0.009925660101687056,0.014067962474949961,517149.419965819,99072.12675376,43104.767895857,43.117000000000004,0.41573575202585294,0.4811102544333076,234.02114464564545,299.1607905982906,1.6961632778736926,2.379339542760372,1.499087057560387,0.06136363636363637,25.704319147126206,2,0.0,0.0
US.PEP,2026-05-07,1318564.0,1318564.0,5258,5258,12675,12675.0,24.747,-0.292395382,213161186407.4,14.092054582005552,14.092054582005552,0.41483234714003947,0.41483234714003947,0.006670217873090405,0.006670217873090405,385542.024471448,241848.12649909602,34427.76537538,24.747,0.41483234714003947,0.41483234714003947,250.77291745910992,250.77291745910992,0.20714850664758383,0.20714850664758383,0.26705025499867746,0.022727272727272728,26.0853144601711,1,0.0,0.0
US.PFGC,2026-05-07,1087874.0,1087874.0,2605,2605,5175,5175.0,35.676,0.72832956,14591352426.48,13.899736810091815,13.899736810091815,0.5033816425120773,0.5033816425120773,0.02263320392631706,0.02263320392631706,792330.7917554401,52470.532409572,69536.081471508,35.676,0.5033816425120773,0.5033816425120773,417.60998080614206,417.60998080614206,1.2473118279569892,1.2473118279569892,2.1659241471533797,0.1,23.403694890694396,1,0.0,0.0
US.PG,2026-05-07,1332811.0,805611.0,5214,4110,9878,4939.0,22.4755,-0.016771100499999997,344399788846.2,26.77469467498743,13.387347337493715,0.9858958622950078,1.522758620689655,0.03951271763888777,0.07513100650486115,499639.977423675,348144.995206076,53030.473438689005,22.4755,0.9858958622950078,1.522758620689655,428.9963073891886,729.7201086956521,0.8677824548635847,1.682477179165921,0.6821096216194436,0.053048780487804884,26.56506899639643,2,1.5280937025796661,0.2686131386861314
US.PLNT,2026-05-07,2243906.0,868215.0,9534,5372,4168,1389.3333333333333,90.248,0.38569607133333333,5097476980.44,40.52653670881268,13.508845569604226,3.024160893389308,4.28731045490822,0.12012184202704025,0.21376681400451553,861269.616478571,83852.191729143,92685.381318336,90.248,3.024160893389308,4.28731045490822,273.15065572267923,340.6583614864865,0.37990616512018205,0.4506560182544209,5.221407426922192,0.10000000000000002,22.352011544745995,3,0.0,0.0
US.PLTR,2026-05-07,165411781.0,43543844.0,378969,41836,628394,8056.333333333333,52.9308717948718,0.056745266679487184,320736369402.83,1090.5625820255893,13.981571564430633,1.808050292285609,33.417840375586856,0.053777029622544714,0.8676729282984238,68566962.38508373,32479307.69656398,3878769.621202677,52.9308717948718,1.808050292285609,33.417840375586856,797.389466617021,2377.358407079646,0.3595641393375505,1.7294685990338166,4.379770669696194,0.09879435632769672,26.493885343526173,78,0.3446925229966285,0.39880704111500315
US.Q,2026-05-07,1809350.0,1129000.0,1577,1005,661,330.5,56.078,0.449881298,31298949266.88,27.36720784932063,13.683603924660314,502.9326777609682,1005.0,564500.0344376949,1129000.0,773211.4617663999,521694.9971466999,17661.8154228,56.078,502.9326777609682,1005.0,1156.4030807500958,1189.423076923077,0.1699439252336449,0.21588785046728978,0.4642984386246357,0.015040106951871659,24.16685036421275,2,0.0,0.0
US.QCOM,2026-05-07,109489675.0,9209556.0,154159,26019,217015,3338.6923076923076,59.50787692307693,0.4564947243692307,202968780000.0,911.5427455396739,14.023734546764214,21.566092084703858,634.5,7826.240864694802,508680.0,60790062.168916814,18574135.564759657,1703315.530058393,59.50787692307693,21.566092084703858,634.5,1560.983507477243,5522.14798206278,0.6124620975213149,2.0050632911392405,5.392025392769594,0.1031074330246141,26.036318011062306,65,0.07381347476028703,0.10103347546299273
US.RMBS,2026-05-07,2008481.0,732980.0,2036,986,5207,1735.6666666666667,79.41866666666667,0.518439305,14062131188.68,40.23544978979725,13.411816596599083,0.6698276909097531,1.0071501532175688,0.04742027251734002,0.0778673038875028,1036981.840210361,370865.07669823,27574.079714148,79.41866666666667,0.6698276909097531,1.0071501532175688,1098.8980296248865,1498.9366053169733,1.3113742799002608,2.434146341463415,2.0380496579856473,0.04399551066217733,23.366751290055486,3,0.0,0.0
US.ROK,2026-05-07,1281653.0,733070.0,587,302,967,483.5,38.557500000000005,0.8245111345,51113690310.55,26.720093530300723,13.360046765150361,0.705238488702649,0.9773462783171522,0.03145137324980694,0.03864916761865912,1064842.356814096,228554.869199393,11521.246978516,38.557500000000005,0.705238488702649,0.9773462783171522,2194.3377192982457,2572.1754385964914,0.426209717507705,0.6187845303867404,2.372718079888534,0.1,24.65731821043742,2,0.0,0.0
US.RTX,2026-05-07,553526.0,553526.0,1051,1051,1457,1457.0,26.788,0.457637837,238012829064.72,13.224065810428904,13.224065810428904,0.7213452299245025,0.7213452299245025,0.0214953055448138,0.0214953055448138,253314.44136326198,133057.439505878,13526.341608362,26.788,0.7213452299245025,0.7213452299245025,526.6660323501427,526.6660323501427,0.46133333333333343,0.46133333333333343,0.3453212152265278,0.022727272727272728,26.195590412802616,1,0.0,0.0
US.SATS,2026-05-07,4416820.0,2462225.0,8741,5935,44603,14867.666666666666,64.87133333333333,0.39256546166666667,36326139269.25,42.29352267925244,14.097840893084147,17.67559105341421,52.607142857142854,1.0149756030518013,3.0256688440783868,1550313.340888493,627359.529079743,61288.647574457005,64.87133333333333,17.67559105341421,52.607142857142854,601.7394846944171,723.2437202987101,0.6843263261160669,0.8666666666666666,1.1290154944550483,0.03174981075867458,24.315803409166275,3,0.0,0.0
US.SBUX,2026-05-07,1416119.0,895934.0,2511,1849,11530,5765.0,26.527,0.683219934,121309668000.0,26.86756486359138,13.43378243179569,0.21110311495316814,0.29779352552746013,0.011370574086784442,0.013556559742924483,936951.785927587,184542.298160126,54469.491999932005,26.527,0.21110311495316814,0.29779352552746013,635.1642567469311,785.7779456193354,0.28863855328438937,0.3888904211600519,0.36427828300216175,0.022727272727272728,25.521612352943695,2,0.0,0.0
US.SCHW,2026-05-07,1409667.0,746846.0,27665,26462,30409,15204.5,34.759,-0.274928523,160165863488.15,26.927877380359796,13.463938690179898,2.595044413277232,4.311827956989247,0.13024904847124225,0.25780819413571066,372186.812242016,148259.575367796,39731.944427136,34.759,2.595044413277232,4.311827956989247,289.5983694807775,550.973399833749,0.27682119971314223,0.4684572142410993,1.1503989078703367,0.05462962962962963,25.799475762040174,2,0.0,0.0
US.SGI,2026-05-07,4990697.0,3426530.0,12391,7311,28384,9461.333333333334,63.54866666666666,0.4524378736666667,16536979858.88,42.09949324152711,14.03316441384237,4.683070751249628,12.518835616438356,0.2691346351915069,0.7462917693221774,2422166.96545883,474846.608661809,151075.33995792002,63.54866666666666,4.683070751249628,12.518835616438356,359.8697173702248,468.6814389276433,0.9281657848324515,1.2592592592592593,2.1195080593017024,0.04848484848484849,23.528864913731404,3,0.0,0.0
US.SHOP,2026-05-07,198894546.0,87144261.0,285764,95535,62550,6255.0,53.670899999999996,0.030802822299999998,136824702078.4,153.0885024329041,15.308850243290411,42.277672081993686,169.10971223021582,3.4016344986051195,28.897971669832444,111831807.80652578,34675065.110401094,2124587.916054578,53.670899999999996,42.277672081993686,169.10971223021582,1315.9228075418898,3720.406779661017,0.27280960416759076,0.5446361350056865,1.2437915305727176,0.048121199912094355,25.641966396589773,10,0.03742458736153118,0.01418547949192063
US.SMCI,2026-05-07,70351511.0,5704807.0,346854,50808,392981,8361.297872340425,92.77417021276597,0.6375860984255319,20755582669.628,659.3200321833139,14.028085791134338,9.982744262872087,344.47058823529414,0.30260216565602643,8.514905774725115,48162335.62726232,1307627.31865734,3389241.631692134,92.77417021276597,9.982744262872087,344.47058823529414,396.2254444693788,1318.4493670886077,1.6158268230782278,3.0976730398695715,12.516883674140523,0.16771159660847698,23.756081091804788,47,0.007180895223854639,0.017173121249978007
US.SNDK,2026-05-07,363041974.0,22504725.0,87424,7866,67393,680.7373737373738,115.41729292929293,0.16701018675757578,208803596984.84,1454.18640883093,14.688751604352829,4.533965176274875,229.0,16662.832784221035,1649612.0,185041798.23636857,237623116.94274494,751853.8594280219,115.41729292929293,4.533965176274875,229.0,6310.174250094126,40219.19465648855,0.6511488463871183,1.1304451299325395,22.239837887042857,0.23300166326277558,26.06465991975019,99,0.31554813293719886,0.6315622492208349
US.SOLS,2026-05-07,851903.0,851903.0,15174,15174,99,99.0,52.98,-0.081936956,13022821497.31,13.655229123406691,13.655229123406691,153.27272727272728,153.27272727272728,1.0492721385295463,1.0492721385295463,69802.338627268,36267.501607311,8653.767830383,52.98,153.27272727272728,153.27272727272728,56.14228285224726,56.14228285224726,0.6222222222222222,0.6222222222222222,0.5993314390985864,0.022727272727272728,23.289969155189034,1,0.0,0.0
US.STLD,2026-05-07,5353781.0,2291075.0,2117,1027,9080,2270.0,44.744749999999996,0.70881587425,34877861084.85,55.9274689318866,13.98186723297165,2.568898689221291,9.176470588235293,0.213465755783305,0.6904717313843048,4170244.367309,1336950.246539763,39831.281380455,44.744749999999996,2.568898689221291,9.176470588235293,2941.474249903761,5790.116279069767,0.1356049268724775,0.17717033662363954,0.9775308629837269,0.033054287163876206,24.275118112026927,4,0.0,0.0
US.STX,2026-05-07,3568092.0,1125106.0,1648,700,623,155.75,93.04375,-0.19434195650000002,176338163888.64,54.70659951992721,13.676649879981802,11.179414355088724,30.571428571428573,0.41275449516548013,1.0219057791728883,1666439.3597020363,754367.600662797,25049.747432173,93.04375,11.179414355088724,30.571428571428573,2512.975038226916,4059.6359447004606,0.584923838230643,0.722586583822345,27.92990415890663,0.3333333333333333,25.895669374220585,4,4.899730319169165,4.438943894389439
US.TER,2026-05-07,4533694.0,2471564.0,1315,1011,1026,513.0,67.8335,0.12106910200000001,59874246121.76,29.259612583295166,14.629806291647583,10.633333333333333,20.266666666666666,1.829115325438168,3.59431429965837,2068648.2958922,3245713.482120332,14992.403786684,67.8335,10.633333333333333,20.266666666666666,4613.9974849029095,6783.3223684210525,0.07784541838669384,0.10952136402876643,0.4906471514791174,0.014412416851441241,24.81551230174662,2,1.1985490730458312,3.325657894736842
US.TPR,2026-05-07,6998126.0,1849622.0,12165,3229,9944,1420.5714285714287,70.20957142857142,0.49995375057142855,30132750309.09,96.20381613994952,13.743402305707075,31.33833419821786,159.11111111111111,1.5060250020508494,7.463287718276632,3713265.2009507203,705505.9759106879,148390.738599565,70.20957142857142,31.33833419821786,159.11111111111111,626.9781848946817,850.7920883164674,0.3591069736075707,0.6814814814814817,3.827783981616604,0.08896103896103898,24.128878467372772,7,0.0,0.0
US.TSLA,2026-05-07,1145014111.0,51328061.0,1296340,78969,990398,3993.5403225806454,45.69824596774194,0.17555590950403224,1496783657205.114,3626.443897663325,14.622757651868246,6.117263104848512,250.0,10080.19922508013,2499750.0,688777459.9838653,293420261.23388207,16294738.626408257,45.69824596774194,6.117263104848512,250.0,1768.2317020542437,17364.573804573803,0.7019135655155018,2.016901408450704,3.784255018587146,0.11558683056018687,28.034339693357985,248,0.34750065628063226,0.36667309762297096
US.TXN,2026-05-07,14256901.0,7561744.0,11428,3179,10948,1368.5,42.909875,0.54619268975,263417257427.04,111.72059263712377,13.965074079640472,5.802772582611174,25.23015873015873,0.2705596997204072,1.6027870192323996,7482559.863133797,6890484.864965062,146637.576480231,42.909875,5.802772582611174,25.23015873015873,1348.5371643211356,2715.94,0.9307060824270085,2.2259136212624586,2.868302083522534,0.08233287243913755,26.297005142059422,8,0.0,0.0
US.UAL,2026-05-07,4721801.0,3053751.0,9002,6788,22665,7555.0,66.41966666666667,0.638593104,32469955589.12,42.12963049143329,14.043210163811096,0.504879962835861,0.800377313995991,0.032787366569167954,0.05431607092845681,2471697.53568667,559845.068267786,104490.27473266001,66.41966666666667,0.504879962835861,0.800377313995991,681.6203096406435,910.9807976366322,0.3861759461140714,0.5104668084630024,7.318156688704925,0.12626262626262627,24.203581055339875,3,0.0,0.0
US.UBER,2026-05-07,7153116.0,1366155.0,32472,8884,61221,7652.625,44.964625,0.38136300300000003,161255424007.86,109.12915800827135,13.641144751033918,10.253593324604182,74.11111111111111,0.241446382290954,1.6141636141636142,4051222.373933516,437914.194299131,458737.09100213397,44.964625,10.253593324604182,74.11111111111111,274.35315238036435,426.23883089770356,1.0352842598653387,1.78448275862069,6.731631542582525,0.1670532378580324,25.80625542932082,8,0.28717894826247153,0.21426968813102984
US.UHS,2026-05-07,2979370.0,2979370.0,2976,2976,2984,2984.0,0.0,0.0,10282898870.72,14.907222762376868,14.907222762376868,0.9973190348525469,0.9973190348525469,0.05925861424540991,0.05925861424540991,0.0,0.0,0.0,0.0,0.9973190348525469,0.9973190348525469,1001.1323924731183,1001.1323924731183,0.03478094822412569,0.03478094822412569,0.0,0.1,23.053748048633775,1,0.0,0.0
US.UNH,2026-05-07,3883583.0,1982295.0,4450,2327,15072,3768.0,76.7975,0.63014636275,333543276701.12,54.48455618749188,13.62113904687297,0.8411791874476726,2.182795698924731,0.14791656950242948,0.5803474188629929,2893379.028913732,494530.49013311596,55244.733584593996,76.7975,0.8411791874476726,2.182795698924731,3248.843905509771,9765.0,0.6758462916663446,1.573248407643312,12.252981223267309,0.19734848484848483,26.533038459107058,4,0.0,0.0
US.UPS,2026-05-07,2670186.0,2035500.0,2355,1355,4725,2362.5,16.915,-0.2342957695,84873825681.33,27.887139781172095,13.943569890586048,0.663799748077357,0.9596928982725528,0.10640621838787283,0.19556060611009923,297408.489521754,86247.769956816,22001.995680444,16.915,0.663799748077357,0.9596928982725528,1251.9514760147601,2035.5,0.08652812936423346,0.14956320745096705,0.18238129247281354,0.014412416851441241,25.164431586880717,2,0.3118084008843036,1.355
US.V,2026-05-07,3158906.0,1766983.0,4141,3118,2896,1448.0,22.2265,-0.06395240099999999,603956384691.6,28.53098221705038,14.26549110852519,1.3854238323170458,1.484055211803903,0.04065035337768549,0.05491990404267576,1071151.542910932,1887169.673161376,32499.937946683,22.2265,1.3854238323170458,1.484055211803903,963.666260203893,1360.6285434995114,0.21545780104943876,0.3283333333333333,0.11766110008085956,0.010525785656728445,27.12676782150006,2,0.7877398933662633,0.3280949326491341
US.VRT,2026-05-07,21186517.0,7125394.0,8053,1350,9524,560.2352941176471,70.6309411764706,0.417859572117647,137864336238.72,233.71996639960156,13.74823331762362,39.28328780113118,511.0,34346.6808352978,583886.0,14109460.07098016,6992897.165374049,94652.338324022,70.6309411764706,39.28328780113118,511.0,2845.463169422376,7454.578475336323,0.3723959722447121,1.2538870498545491,5.045076307994651,0.09624619901436511,25.649535967846,17,0.2236897811285603,0.5531340405014464
US.VST,2026-05-07,6285485.0,1643579.0,8327,1921,16079,2679.8333333333335,58.137499999999996,0.024220287999999993,53588967430.68,82.6113807395011,13.768563456583516,0.6342217702080503,1.1202185792349726,0.034032633501154166,0.06304396298586253,2415392.774221195,1284271.978288237,77330.104209238,58.137499999999996,0.6342217702080503,1.1202185792349726,796.9895989077862,1255.932700603969,0.2200733638813007,0.38993710691823896,1.1750265058070533,0.03410128684101287,24.70460905233845,6,1.3711653085860873,1.006022645145748
US.VTRS,2026-05-07,918821.0,918821.0,16938,16938,3289,3289.0,67.287,0.512380721,18572513498.55,13.730847693785563,13.730847693785563,5.149893584676193,5.149893584676193,0.1751484715366411,0.1751484715366411,470786.166449941,9107.939959798,219031.841196822,67.287,5.149893584676193,5.149893584676193,54.24613295548471,54.24613295548471,1.6615384615384616,1.6615384615384616,3.9841650628218237,0.1,23.644948555846884,1,0.0,0.0
US.WBD,2026-05-07,5454816.0,2132758.0,71722,38611,280358,70089.5,31.47875,0.148043902,68181680169.6,56.00233477369761,14.000583693424403,1.1216884073844842,3.6884745762711866,0.03936725610309277,0.13559459122632103,1648175.198723662,242014.95096826,404113.336657459,31.47875,1.1216884073844842,3.6884745762711866,88.40511674432089,149.41190914671577,0.1460056799677666,0.25925925925925936,0.16492787791437336,0.010688520127210404,24.945441746511815,4,0.9539021153360521,2.218542451983486
US.WDAY,2026-05-07,840035.0,840035.0,2204,2204,353,353.0,67.667,-0.395076953,30618939119.13,13.641200027044013,13.641200027044013,6.243626062322946,6.243626062322946,0.19405549617345436,0.19405549617345436,331878.468213355,61817.89675838,25027.37276375,67.667,6.243626062322946,6.243626062322946,381.1411070780399,381.1411070780399,0.490628986360514,0.490628986360514,3.85898232344247,0.1,24.1448845799438,1,0.0,0.0
US.WDC,2026-05-07,7517793.0,2972505.0,2309,570,3788,631.3333333333334,81.43416666666667,0.5098997815,166533171592.65,82.93385136907901,13.822308561513168,0.9058638465500349,1.4886363636363635,0.06988690738370633,0.24032593720894133,4997086.007149497,4731442.62006142,26023.559040753,81.43416666666667,0.9058638465500349,1.4886363636363635,4133.361720686269,12132.673469387755,0.5030043899169968,0.9666287242307622,6.908385993612782,0.11018095528145778,25.83846035531418,6,0.09790427115214337,0.20135275754422477
US.WFC,2026-05-07,884000.0,884000.0,2000,2000,469,469.0,33.112,-0.317982724,246100439107.48,13.69221347284086,13.69221347284086,4.264392324093817,4.264392324093817,0.23437719562913042,0.23437719562913042,281096.728016,186069.150176,16369.356848000001,33.112,4.264392324093817,4.264392324093817,442.0,442.0,0.0,0.0,0.0722351496918571,0.005025125628140704,26.229005578610337,1,0.0,0.0
US.WMB,2026-05-07,860300.0,860300.0,14546,14546,0,0.0,29.447,-0.213109563,90208352026.4,13.665037606993979,13.665037606993979,14546.0,14546.0,860300.0,860300.0,183338.1570489,58560.3147332,36311.0391245,29.447,14546.0,14546.0,59.143407122232915,59.143407122232915,0.48270313757039424,0.48270313757039424,0.3793070667447593,0.02631578947368421,25.225387854267183,1,0.0,0.0
US.XOM,2026-05-07,1541956.0,883449.0,2173,1802,15525,7762.5,13.1405,0.249042289,616312193517.78,27.089321924959556,13.544660962479778,0.1227001367953465,0.17108136333428273,0.007256266551053376,0.008871643011359032,440032.322349522,179588.614380903,26317.516353786,13.1405,0.1227001367953465,0.17108136333428273,1132.6058744252418,1774.9514824797843,0.13681189326608387,0.16801075268817203,0.17113875978928839,0.06136363636363637,27.14701947975666,2,0.0,0.0
US.XYZ,2026-05-07,5754799.0,2549452.0,12787,6164,32613,8153.25,74.00450000000001,0.4519582255,42190268369.67,55.78298234344059,13.945745585860147,3.6376808124870825,11.780392156862746,0.3255539889641557,1.147577325438152,2775102.876180558,603212.9738116451,164345.66870054,74.00450000000001,3.6376808124870825,11.780392156862746,438.83530060026277,689.9846870838882,0.15966976642324462,0.231060606060606,2.9494461619241203,0.05693809958885336,24.465455424064324,4,0.0,0.0
US.ZTS,2026-05-07,734220.0,734220.0,2022,2022,1218,1218.0,72.464,-0.435903348,46769922650.34,13.506565352196436,13.506565352196436,1.6600985221674878,1.6600985221674878,0.05419959375772334,0.05419959375772334,320048.95616856,50110.1515611,23035.83605118,72.464,1.6600985221674878,1.6600985221674878,363.11572700296733,363.11572700296733,0.4985775048590181,0.4985775048590181,4.1361105402889,0.1,24.56850615487356,1,0.0,0.0
