stock_owner,stop_status,peak_date,peak_turnover,stop_date,active_days,persistence_ratio,dominant_bucket
US.AAL,ONGOING,2026-05-09,6052292.0,,2,1.0,DEEP_OTM
US.AAPL,ONGOING,2026-05-09,539319627.0,,2,1.0,ATM
US.ABNB,ACTIVE,2026-05-08,6997804.0,,2,1.0,ATM
US.ABT,ONGOING,2026-05-09,44268557.0,,2,1.0,DEEP_ITM
US.ADBE,ONGOING,2026-05-09,9993703.0,,2,1.0,ATM
US.ADI,ONGOING,2026-05-09,69604704.0,,2,1.0,DEEP_ITM
US.AKAM,ONGOING,2026-05-09,37159362.0,,2,1.0,DEEP_ITM
US.ALB,ONGOING,2026-05-09,3565625.0,,2,1.0,DEEP_OTM
US.AMAT,ONGOING,2026-05-09,12631460.0,,2,1.0,ATM
US.AMD,ONGOING,2026-05-09,1514964880.0,,2,1.0,DEEP_ITM
US.AMKR,ONGOING,2026-05-09,2080031.0,,2,1.0,ATM
US.AMZN,ACTIVE,2026-05-08,187505511.0,,2,1.0,ATM
US.ANET,ACTIVE,2026-05-08,2150439.0,,2,1.0,ATM
US.APO,ONGOING,2026-05-09,1722775.0,,2,1.0,ATM
US.APP,ACTIVE,2026-05-08,68944011.0,,2,1.0,ATM
US.ARM,ACTIVE,2026-05-08,73392237.0,,2,1.0,ATM
US.ASML,ONGOING,2026-05-09,15547178.0,,2,1.0,ATM
US.AVGO,ONGOING,2026-05-09,114022500.0,,2,1.0,ATM
US.AXP,ONGOING,2026-05-09,1459323.0,,2,1.0,DEEP_OTM
US.BA,ONGOING,2026-05-09,22508381.0,,2,1.0,ATM
US.BABA,ACTIVE,2026-05-08,27123291.0,,2,1.0,ATM
US.BAC,ONGOING,2026-05-09,14062000.0,,2,1.0,ATM
US.BIDU,ONGOING,2026-05-09,7431197.0,,2,1.0,ATM
US.BRK.B,ONGOING,2026-05-09,1562306.0,,2,1.0,ATM
US.BSX,ACTIVE,2026-05-08,30055694.0,,2,1.0,DEEP_ITM
US.BX,ACTIVE,2026-05-08,7407875.0,,2,1.0,DEEP_ITM
US.C,ONGOING,2026-05-09,9996275.0,,2,1.0,ATM
US.CAH,ACTIVE,2026-05-08,595335.0,,2,1.0,ATM
US.CAR,ACTIVE,2026-05-08,128718752.0,,2,1.0,DEEP_ITM
US.CAT,ACTIVE,2026-05-08,5260468.0,,2,1.0,ATM
US.CCL,ACTIVE,2026-05-08,5629120.0,,2,1.0,DEEP_OTM
US.CEG,ONGOING,2026-05-09,6376516.0,,2,1.0,ATM
US.CELH,ONGOING,2026-05-09,3055251.0,,2,1.0,DEEP_OTM
US.CLX,ACTIVE,2026-05-08,2853840.0,,2,1.0,DEEP_OTM
US.COHR,ACTIVE,2026-05-08,28021524.0,,2,1.0,ATM
US.COIN,ACTIVE,2026-05-08,74234831.0,,2,1.0,ATM
US.COP,ONGOING,2026-05-09,80495164.0,,2,1.0,DEEP_ITM
US.CRM,ONGOING,2026-05-09,22445976.0,,2,1.0,DEEP_ITM
US.CRWD,ACTIVE,2026-05-08,26138308.0,,2,1.0,ATM
US.CVNA,ACTIVE,2026-05-08,33058182.0,,2,1.0,ATM
US.CVS,ONGOING,2026-05-09,3071787.0,,2,1.0,ATM
US.CVX,ONGOING,2026-05-09,2071392.0,,2,1.0,ATM
US.DAL,ACTIVE,2026-05-08,1946546.0,,2,1.0,ATM
US.DASH,ONGOING,2026-05-09,15304658.0,,2,1.0,DEEP_ITM
US.DDOG,ACTIVE,2026-05-08,117183701.0,,2,1.0,DEEP_ITM
US.DELL,ONGOING,2026-05-09,54902876.0,,2,1.0,ATM
US.DHR,ACTIVE,2026-05-08,22775316.0,,2,1.0,DEEP_ITM
US.DIS,ONGOING,2026-05-09,4140381.0,,2,1.0,DEEP_ITM
US.DOCN,ACTIVE,2026-05-08,7332743.0,,2,1.0,DEEP_ITM
US.DOCS,ACTIVE,2026-05-08,576004.0,,2,1.0,ATM
US.DVA,ONGOING,2026-05-09,4256596.0,,2,1.0,ATM
US.DVN,ACTIVE,2026-05-08,8409397.0,,2,1.0,DEEP_OTM
US.ETN,ACTIVE,2026-05-08,35634490.0,,2,1.0,DEEP_ITM
US.EXPE,ONGOING,2026-05-09,12610620.0,,2,1.0,DEEP_OTM
US.FCX,ACTIVE,2026-05-08,3205311.0,,2,1.0,ATM
US.FLEX,ACTIVE,2026-05-08,18096981.0,,2,1.0,DEEP_ITM
US.FLR,ONGOING,2026-05-09,3359618.0,,2,1.0,DEEP_ITM
US.FOUR,ACTIVE,2026-05-08,548535.0,,2,1.0,DEEP_ITM
US.FSLR,ACTIVE,2026-05-08,4713929.0,,2,1.0,DEEP_OTM
US.FTNT,ACTIVE,2026-05-08,35140129.0,,2,1.0,DEEP_ITM
US.GE,ONGOING,2026-05-09,2090995.0,,2,1.0,ATM
US.GEV,ONGOING,2026-05-09,6738295.0,,2,1.0,ATM
US.GLW,ONGOING,2026-05-09,57372480.0,,2,1.0,ATM
US.GME,ACTIVE,2026-05-08,2382598.0,,2,1.0,ATM
US.GOOG,ACTIVE,2026-05-08,104518914.0,,2,1.0,ATM
US.GOOGL,ACTIVE,2026-05-08,341552168.0,,2,1.0,ATM
US.GS,ACTIVE,2026-05-08,4316605.0,,2,1.0,DEEP_OTM
US.GWW,ACTIVE,2026-05-08,5121189.0,,2,1.0,DEEP_ITM
US.HD,ACTIVE,2026-05-08,18454580.0,,2,1.0,DEEP_ITM
US.HOOD,ACTIVE,2026-05-08,33411234.0,,2,1.0,DEEP_ITM
US.IBM,ACTIVE,2026-05-08,25340646.0,,2,1.0,DEEP_ITM
US.INSM,ACTIVE,2026-05-08,4506247.0,,2,1.0,DEEP_ITM
US.INTC,ONGOING,2026-05-09,795206506.0,,2,1.0,ATM
US.INTU,ACTIVE,2026-05-08,27889240.0,,2,1.0,DEEP_ITM
US.JBL,ACTIVE,2026-05-08,13522317.0,,2,1.0,ATM
US.JD,ONGOING,2026-05-09,1362197.0,,2,1.0,DEEP_OTM
US.JNJ,ONGOING,2026-05-09,2927358.0,,2,1.0,ATM
US.JPM,ONGOING,2026-05-09,11712263.0,,2,1.0,ATM
US.KLAC,ONGOING,2026-05-09,5311613.0,,2,1.0,ATM
US.LITE,ACTIVE,2026-05-08,57959622.0,,2,1.0,DEEP_ITM
US.LLY,ACTIVE,2026-05-08,15912368.0,,2,1.0,DEEP_ITM
US.LRCX,ONGOING,2026-05-09,12326373.0,,2,1.0,ATM
US.MA,ACTIVE,2026-05-08,2984620.0,,2,1.0,DEEP_ITM
US.MCD,ACTIVE,2026-05-08,17022452.0,,2,1.0,DEEP_ITM
US.MCHP,ONGOING,2026-05-09,718453230.0,,2,1.0,DEEP_ITM
US.MCK,ACTIVE,2026-05-08,4574553.0,,2,1.0,ATM
US.META,ACTIVE,2026-05-08,291630106.0,,2,1.0,ATM
US.MP,ONGOING,2026-05-09,7947897.0,,2,1.0,DEEP_OTM
US.MRNA,ONGOING,2026-05-09,28601147.0,,2,1.0,ATM
US.MRVL,ONGOING,2026-05-09,38923646.0,,2,1.0,ATM
US.MSFT,ACTIVE,2026-05-08,459336414.0,,2,1.0,ATM
US.MSTR,ONGOING,2026-05-09,127809957.0,,2,1.0,ATM
US.MTSI,ACTIVE,2026-05-08,9089962.0,,2,1.0,DEEP_ITM
US.MU,ONGOING,2026-05-09,1709934710.0,,2,1.0,ATM
US.NFLX,ACTIVE,2026-05-08,79073837.0,,2,1.0,DEEP_ITM
US.NKE,ACTIVE,2026-05-08,3361108.0,,2,1.0,DEEP_ITM
US.NOW,ACTIVE,2026-05-08,90856144.0,,2,1.0,DEEP_ITM
US.NVDA,ACTIVE,2026-05-08,1309675221.0,,2,1.0,ATM
US.OKTA,ACTIVE,2026-05-08,4793657.0,,2,1.0,ATM
US.ON,ACTIVE,2026-05-08,3311198.0,,2,1.0,DEEP_OTM
US.ORCL,ACTIVE,2026-05-08,204796680.0,,2,1.0,ATM
US.PANW,ACTIVE,2026-05-08,31103292.0,,2,1.0,ATM
US.PFE,ACTIVE,2026-05-08,36192769.0,,2,1.0,DEEP_ITM
US.PLTR,ACTIVE,2026-05-08,113971096.0,,2,1.0,ATM
US.PWR,ACTIVE,2026-05-08,5939316.0,,2,1.0,DEEP_ITM
US.PYPL,ACTIVE,2026-05-08,521360.0,,2,1.0,DEEP_ITM
US.QCOM,ACTIVE,2026-05-08,313830917.0,,2,1.0,ATM
US.RCL,ONGOING,2026-05-09,43869071.0,,2,1.0,ATM
US.SATS,ONGOING,2026-05-09,9381827.0,,2,1.0,DEEP_OTM
US.SCHW,ACTIVE,2026-05-08,9385537.0,,2,1.0,DEEP_ITM
US.SHOP,ACTIVE,2026-05-08,15497711.0,,2,1.0,DEEP_ITM
US.SMCI,ONGOING,2026-05-09,21017444.0,,2,1.0,ATM
US.SNDK,ONGOING,2026-05-09,415342756.0,,2,1.0,ATM
US.SNPS,ACTIVE,2026-05-08,1430010.0,,2,1.0,ATM
US.STX,ACTIVE,2026-05-08,9446411.0,,2,1.0,ATM
US.SYK,ACTIVE,2026-05-08,17910580.0,,2,1.0,DEEP_ITM
US.TDG,ACTIVE,2026-05-08,1668251.0,,2,1.0,ATM
US.TER,ONGOING,2026-05-09,3242446.0,,2,1.0,DEEP_OTM
US.TMO,ACTIVE,2026-05-08,11317470.0,,2,1.0,DEEP_ITM
US.TSLA,ACTIVE,2026-05-08,1913159109.0,,2,1.0,ATM
US.TTD,ACTIVE,2026-05-08,10678091.0,,2,1.0,ATM
US.TXN,ONGOING,2026-05-09,2510196.0,,2,1.0,ATM
US.UAL,ACTIVE,2026-05-08,10302797.0,,2,1.0,ATM
US.UBER,ACTIVE,2026-05-08,5289544.0,,2,1.0,ATM
US.UNH,ONGOING,2026-05-09,26204524.0,,2,1.0,ATM
US.UPS,ACTIVE,2026-05-08,4167310.0,,2,1.0,DEEP_ITM
US.V,ONGOING,2026-05-09,1548705.0,,2,1.0,ATM
US.VRT,ONGOING,2026-05-09,4944246.0,,2,1.0,DEEP_OTM
US.VST,ONGOING,2026-05-09,18421637.0,,2,1.0,DEEP_OTM
US.VTRS,ACTIVE,2026-05-08,1220857.0,,2,1.0,DEEP_ITM
US.WBD,ONGOING,2026-05-09,1909610.0,,2,1.0,ATM
US.WDAY,ACTIVE,2026-05-08,2926747.0,,2,1.0,DEEP_ITM
US.WDC,ONGOING,2026-05-09,22613424.0,,2,1.0,ATM
US.WFC,ACTIVE,2026-05-08,63131885.0,,2,1.0,DEEP_ITM
US.WMT,ACTIVE,2026-05-08,115980912.0,,2,1.0,DEEP_ITM
US.XOM,ONGOING,2026-05-09,3461112.0,,2,1.0,ATM
US.XYZ,ONGOING,2026-05-09,4960647.0,,2,1.0,ATM
US.ZS,ACTIVE,2026-05-08,8042550.0,,2,1.0,DEEP_ITM
US.ZTS,ACTIVE,2026-05-08,12597381.0,,2,1.0,DEEP_ITM
