stock_owner,trade_date,moneyness_bucket,bucket_turnover,bucket_volume,bucket_contracts,bucket_oi_sum,bucket_avg_iv,bucket_avg_delta,bucket_avg_churn,bucket_max_churn,bucket_avg_notional_churn,bucket_max_notional_churn,bucket_delta_flow,bucket_vega_flow,day_total_turnover,bucket_turnover_share
US.AAL,2026-05-09,ATM,400223.0,5265,1,13700,50.121,-0.396094798,0.3843065693430657,0.3843065693430657,0.021882664917028897,0.021882664917028897,158526.248339954,6894.800109307999,5070177.0,0.0789366919537523
US.AAL,2026-05-09,DEEP_OTM,4669954.0,93310,3,126351,53.46,-0.22700967833333333,2.12290528011064,5.6328740157480315,0.09687280661203801,0.26986096980152763,1127645.6115606101,82322.968268681,5070177.0,0.9210633080462477
US.AAPL,2026-05-09,ATM,29028626.0,75786,31,72162,23.64774193548387,-0.4397628674516129,18.865900342502133,354.0,0.4781778051126439,11.661273217689603,14220103.347610105,7985676.9603182385,38740442.0,0.749310655774139
US.AAPL,2026-05-09,DEEP_OTM,9711816.0,32968,13,87598,28.28392307692308,-0.1661132673076923,0.4027481660007411,1.2427215189873417,0.005300744627801168,0.01310873345939318,1776146.829995554,3910003.113422702,38740442.0,0.2506893442258609
US.ABT,2026-05-09,DEEP_ITM,44268557.0,16602,12,11487,31.585916666666666,-0.46919786816666664,1.4569579860293775,2.3189189189189188,0.44097658256469,0.8822852954993461,26725485.100184526,573038.57066759,44268557.0,1.0
US.ADBE,2026-05-09,ATM,1582984.0,1844,4,2973,42.77175,-0.39114522275,1.7181888651925847,4.945783132530121,0.06071281949371041,0.1409268523512261,627532.593122844,617269.5882226421,3578068.0,0.44241305643157147
US.ADBE,2026-05-09,DEEP_OTM,1995084.0,3945,3,5671,48.336333333333336,-0.18510232933333334,0.7266750623772218,1.024742268041237,0.01348038794628355,0.019381864909793683,421522.89887319895,461259.28772660706,3578068.0,0.5575869435684285
US.ADI,2026-05-09,ATM,1080444.0,3234,2,105,44.120000000000005,-0.25083457649999996,38.87247474747475,60.60606060606061,0.2613174989111319,0.2997418727755806,302370.218122776,195105.30572673999,1080444.0,1.0
US.AGX,2026-05-09,DEEP_OTM,2305255.0,2504,2,2636,81.615,-0.0818114675,0.9507144174041298,0.978125,0.013019721361797984,0.018705692492576368,217492.497765876,1132996.038550582,2305255.0,1.0
US.AKAM,2026-05-09,ATM,2803602.0,2915,3,0,59.799,-0.46505141,971.6666666666666,2049.0,934534.0,1641180.0,1201595.825401634,418487.157443138,3547687.0,0.790261936861961
US.AKAM,2026-05-09,DEEP_ITM,744085.0,378,1,0,51.021,-0.624294453,378.0,378.0,744085.0,744085.0,464528.138060505,152364.07700572,3547687.0,0.20973806313803894
US.ALL,2026-05-09,ATM,304500.0,300,1,317,25.134,-0.618771218,0.9463722397476341,0.9463722397476341,0.04506534474988734,0.04506534474988734,188415.835881,82384.2907335,304500.0,1.0
US.AMAT,2026-05-09,ATM,3248167.0,1158,3,140,77.03266666666667,-0.48267961633333334,14.565395428431733,21.74074074074074,0.9403420133207924,1.8526046025816374,1666629.610936485,1154106.646801134,3248167.0,1.0
US.AMD,2026-05-09,ATM,105885101.0,58488,35,3238,69.74188571428571,-0.3676828352857143,176.96903246997442,1412.0,160634.2497906224,2883960.0,38520109.56912454,33254891.676269434,188672799.0,0.5612102092151608
US.AMD,2026-05-09,DEEP_OTM,82787698.0,85571,54,50700,70.57575925925926,-0.17488861720370372,3.3028935946077316,38.107142857142854,0.11372776141578424,1.5352937391921113,16616306.371876027,32797435.15593274,188672799.0,0.4387897907848391
US.AMKR,2026-05-09,ATM,571210.0,468,1,157,83.84,-0.385574015,2.9808917197452227,2.9808917197452227,0.4749093140291176,0.4749093140291176,220243.73310815,89724.22849322,571210.0,1.0
US.AMT,2026-05-09,ATM,861749.0,2541,1,492,29.157,-0.318506525,5.164634146341464,5.164634146341464,0.09921952969600506,0.09921952969600506,274472.67941222497,181608.85351301,861749.0,1.0
US.AMZN,2026-05-09,ATM,13790538.0,55180,16,46571,27.2575,-0.40279878,4.053828513638859,24.92528735632184,0.03135162190902359,0.19784042260811796,5350595.32699018,2778955.213112066,16867659.0,0.8175727289720524
US.AMZN,2026-05-09,DEEP_OTM,3077121.0,10709,7,41175,34.065999999999995,-0.16878147114285716,0.3295790261618196,0.6846473029045643,0.006943544358309806,0.026673613744501327,475704.61542128597,983619.4794392061,16867659.0,0.18242727102794762
US.ANET,2026-05-09,ATM,1091594.0,777,2,818,53.275,-0.4350521565,2.482936440598073,4.338028169014085,0.30587478082303654,0.5620996913270552,471856.568463059,318816.58746514795,1840190.0,0.5931963547242405
US.ANET,2026-05-09,DEEP_ITM,748596.0,251,1,288,55.117,-0.635999876,0.8715277777777778,0.8715277777777778,0.18334567727069664,0.18334567727069664,476106.96317409596,212766.996417036,1840190.0,0.4068036452757596
US.APH,2026-05-09,ATM,2899093.0,4825,4,4936,48.96775,-0.55657774575,1.2947055465596482,2.1659751037344397,0.0832766518599105,0.18957820911667225,1429796.0405006488,496317.901786781,3288518.0,0.8815803957892279
US.APH,2026-05-09,DEEP_ITM,389425.0,224,1,260,51.601,-0.563603566,0.8615384615384616,0.8615384615384616,0.11698730465816305,0.11698730465816305,219481.31868954998,104964.87848674999,3288518.0,0.11841960421077215
US.APO,2026-05-09,ATM,835058.0,2167,1,941,40.356,-0.28602388,2.3028692879914985,2.3028692879914985,0.06662278644212757,0.06662278644212757,238846.52918504,126609.433036856,835058.0,1.0
US.APP,2026-05-09,ATM,3969779.0,1810,5,1986,67.31620000000001,-0.4246994856,1.058215107868583,1.6015625,0.059951936745976965,0.130068791073346,1675390.4062361321,1458935.851494336,3969779.0,1.0
US.ARM,2026-05-09,ATM,2342268.0,3072,5,8153,72.5404,-0.386554097,0.4606170097880309,0.8937007874015748,0.020595622996000477,0.03912844684141239,940071.057365796,420954.246593246,3824035.0,0.6125121762745372
US.ARM,2026-05-09,DEEP_OTM,1481767.0,1736,4,3197,69.788,-0.20050987425,0.9987221893838101,2.128712871287129,0.04470589133318285,0.07895078724107685,308742.223266223,442222.912463928,3824035.0,0.38748782372546275
US.ASML,2026-05-09,ATM,444374.0,236,1,1203,52.535,-0.193054955,0.19617622610141314,0.19617622610141314,0.0023202484653222074,0.0023202484653222074,85788.60257317,267473.077463298,1078942.0,0.411860878527298
US.ASML,2026-05-09,DEEP_OTM,634568.0,482,2,857,54.091499999999996,-0.12118545900000001,1.4190404984423677,2.560747663551402,0.010209942806257111,0.017618949275868535,76318.37529135201,467840.37406118796,1078942.0,0.588139121472702
US.AVGO,2026-05-09,ATM,13058645.0,9657,17,15448,47.82235294117647,-0.3757958202352941,1.6975830689560119,5.789237668161435,0.05244197355725357,0.20379119601328904,4849237.0499839,5778447.071902071,22106443.0,0.5907166973899871
US.AVGO,2026-05-09,DEEP_OTM,9047798.0,9330,13,37609,53.3523076923077,-0.20470862284615385,0.2894554346711989,0.6262626262626263,0.010403408829443597,0.05454548207364341,1796193.527312498,5226439.577621851,22106443.0,0.40928330261001283
US.AXP,2026-05-09,DEEP_OTM,613974.0,553,1,1680,31.506,-0.272015802,0.32916666666666666,0.32916666666666666,0.011564114618413262,0.011564114618413262,167010.63001714798,387734.31003200397,613974.0,1.0
US.BA,2026-05-09,ATM,2328963.0,2219,4,3440,33.63125,-0.43895697375,4.971270670989052,18.34090909090909,0.11424559977581555,0.3704585669638753,964965.66104635,993154.6312098941,3075569.0,0.7572462201303238
US.BA,2026-05-09,DEEP_OTM,746606.0,1275,2,10056,34.926,-0.188796627,0.136914313176823,0.18076027928626842,0.003278682014441571,0.003931499664135854,141562.661653314,270412.825806654,3075569.0,0.24275377986967614
US.BABA,2026-05-09,ATM,2993014.0,6367,4,31388,61.664500000000004,-0.40184510149999997,0.23795017873330973,0.3566729323308271,0.006764819579616213,0.00992756407061246,1300983.4548142802,389035.215945372,3348117.0,0.8939394889724582
US.BABA,2026-05-09,DEEP_ITM,355103.0,230,1,1570,48.856,-0.575695265,0.1464968152866242,0.1464968152866242,0.016148811564834362,0.016148811564834362,204431.115687295,85099.54264146999,3348117.0,0.10606051102754174
US.BAC,2026-05-09,ATM,4297922.0,99063,7,126333,29.360999999999997,-0.3744538822857143,28.98605691240068,181.93548387096774,0.3182709373533701,2.0924676696361773,1699726.8756261528,134627.638275377,5989114.0,0.7176223394645685
US.BAC,2026-05-09,DEEP_OTM,1691192.0,42884,1,53098,31.26,-0.177136308,0.8076387057892953,0.8076387057892953,0.006207442963397371,0.006207442963397371,299571.506999136,75424.670382992,5989114.0,0.28237766053543145
US.BKNG,2026-05-09,ATM,2890996.0,3660,3,1465,39.516,-0.5042365093333333,394.1389020243644,1179.0,22.209346637771137,66.48195021997228,1477159.7971196899,659414.613855061,2890996.0,1.0
US.BSX,2026-05-09,DEEP_ITM,8760454.0,2823,3,7905,81.26466666666666,-0.8975089063333334,0.9305069645153047,1.4335664335664335,0.7249619546244931,1.1357042353377471,8235741.369912586,175232.08945065,8760454.0,1.0
US.C,2026-05-09,ATM,3321055.0,12978,4,11885,30.798750000000002,-0.5075920675000001,0.9155257323292006,1.4208840486867393,0.019017870200486654,0.028435383990135905,1312703.567293122,434602.00146708795,4478044.0,0.74163072091297
US.C,2026-05-09,DEEP_OTM,1156989.0,14010,2,9643,35.207499999999996,-0.129574776,2672.4493880937566,5344.0,18.926312765627546,37.84699322978893,146909.860616268,97493.57028424201,4478044.0,0.25836927908702995
US.CAH,2026-05-09,ATM,361267.0,1151,1,1073,23.497,-0.576144711,1.0726933830382106,1.0726933830382106,0.018333173057771008,0.018333173057771008,208142.07130883698,35811.064634769995,361267.0,1.0
US.CAR,2026-05-09,ATM,2409438.0,2541,4,9537,65.2895,-0.52028041725,0.3617557546080241,0.7151898734177216,0.025980672388637382,0.05401061004118086,1322228.5023613991,303291.57149088,4560918.0,0.528279175376536
US.CAR,2026-05-09,DEEP_ITM,2151480.0,1006,3,3547,23.724,-0.271466077,0.606635897830134,1.3658536585365855,0.12410192199610802,0.3150663096682425,579494.8340468219,38350.720545174,4560918.0,0.471720824623464
US.CAT,2026-05-09,ATM,1757574.0,774,2,607,37.162,-0.44073598950000004,1.2777763130141322,1.2840909090909092,0.045511281163535734,0.07704563181539614,788284.342991323,2155561.381849074,3044901.0,0.5772187667185239
US.CAT,2026-05-09,DEEP_OTM,1287327.0,338,1,323,43.727,-0.2396592,1.0464396284829722,1.0464396284829722,0.0444095215080499,0.0444095215080499,308519.7589584,2163624.748621179,3044901.0,0.42278123328147615
US.CAVA,2026-05-09,ATM,330029.0,2152,1,2,54.21,-0.324416614,1076.0,1076.0,20.782682619647353,20.782682619647353,107066.890701806,13041.914076891,330029.0,1.0
US.CCL,2026-05-09,ATM,1249030.0,12770,2,8660,56.272,-0.464286209,8.33861786537198,15.689895470383275,0.5055965054512901,0.9885286868681532,594127.909883894,28818.558529046,4382890.0,0.2849786328198974
US.CCL,2026-05-09,DEEP_OTM,3133860.0,15286,1,4387,57.083,-0.315926824,3.484385684978345,3.484385684978345,0.27079283284595934,0.27079283284595934,990070.4366606399,177324.18127818,4382890.0,0.7150213671801027
US.CEG,2026-05-09,ATM,2858821.0,2019,5,8843,60.6992,-0.4429727854,2.3876269105623296,6.175257731958763,0.0837517780150886,0.15288534898526723,1279708.3708057972,1048038.125744847,4232888.0,0.6753830954185417
US.CEG,2026-05-09,DEEP_OTM,1374067.0,2115,3,1778,57.27333333333333,-0.19708203400000002,3.543318052563737,9.016949152542374,0.09703605465159622,0.23100149211490123,286029.60952392203,655334.091963914,4232888.0,0.3246169045814583
US.CENX,2026-05-09,ATM,376233.0,626,1,757,72.639,-0.476516539,0.8269484808454426,0.8269484808454426,0.08436687897060806,0.08436687897060806,179281.247017587,29339.915740278,376233.0,1.0
US.CME,2026-05-09,ATM,354050.0,201,1,336,23.551,-0.534581433,0.5982142857142857,0.5982142857142857,0.037465608465608466,0.037465608465608466,189268.55635365003,236163.0626821,956450.0,0.3701709446390297
US.CME,2026-05-09,DEEP_ITM,602400.0,200,1,387,23.252,-0.732370686,0.5167958656330749,0.5167958656330749,0.05534539190353144,0.05534539190353144,441180.1012464,325547.67790079996,956450.0,0.6298290553609702
US.COF,2026-05-09,DEEP_ITM,1555398.0,859,2,351,16.99,-0.411145703,211.62428571428572,422.0,17.95087977622968,35.76942157483639,557315.4010391539,79438.838548069,1555398.0,1.0
US.COHR,2026-05-09,ATM,4396308.0,3171,6,1480,89.10016666666667,-0.3561313625,5.708341957521623,16.705882352941178,0.24854908347171886,0.7137825720277969,1609953.4676362542,814786.776387639,8290242.0,0.5302991155143602
US.COHR,2026-05-09,DEEP_OTM,3893934.0,2472,4,811,88.6665,-0.2436791435,3.8002030458079075,6.888888888888889,0.3016539799882034,0.8571761882983024,1062508.759247795,2082090.4165825758,8290242.0,0.46970088448563985
US.COIN,2026-05-09,ATM,8040810.0,7848,10,26396,71.2199,-0.37372130379999996,1.3202984234246697,6.943502824858757,0.06454454659362467,0.21845860381468896,2988398.4991218112,1230645.8547924939,14391995.0,0.5587001663077287
US.COIN,2026-05-09,DEEP_OTM,6351185.0,14224,8,21751,71.947125,-0.183318069875,0.6686330744538767,1.5322769953051643,0.01709518973128149,0.029212985044164204,1175245.847479272,835170.2480041459,14391995.0,0.44129983369227127
US.CRCL,2026-05-09,ATM,5901149.0,5952,8,11993,120.240125,-0.459645253375,6.015595412636027,20.205882352941178,0.4515579174002888,1.5301077939753363,2697500.004471106,539143.2404454349,7546526.0,0.78196894836114
US.CRCL,2026-05-09,DEEP_OTM,1645377.0,5936,4,9376,114.62100000000001,-0.21229470849999998,0.6300429403162292,1.1066241586964223,0.016272976281550635,0.025907632927954914,356344.39473776496,133909.794978144,7546526.0,0.21803105163886005
US.CRM,2026-05-09,ATM,9486308.0,7494,3,16505,49.22166666666667,-0.42928937866666667,0.39872534612423416,0.621905566960512,0.025309406850497054,0.05061124971409385,4506493.026183426,2233269.8421659097,18081828.0,0.5246321334325268
US.CRM,2026-05-09,DEEP_ITM,3227383.0,702,2,357,95.5415,-0.941804412,1.9392012494422133,2.0080321285140563,0.46936948468534057,0.5398615692557934,3005407.846993535,105840.325440456,18081828.0,0.17848765069549383
US.CRM,2026-05-09,DEEP_OTM,5368137.0,5286,2,3414,48.121,-0.28411774850000004,1.4666968715545756,2.769018743109151,0.0820275286686907,0.15306771408581393,1441001.9515929362,1939565.21080188,18081828.0,0.2968802158719793
US.CRWD,2026-05-09,ATM,374736.0,559,1,159,48.362,-0.196738537,3.5157232704402515,3.5157232704402515,0.04465638798490337,0.04465638798490337,73725.012401232,75629.730285168,374736.0,1.0
US.CRWV,2026-05-09,ATM,20278468.0,21281,16,38730,89.568875,-0.441465753625,3.152198268271983,9.44,0.3391142119815796,2.489471747700394,8703124.087109692,2828796.182298876,34436874.0,0.5888591397697712
US.CRWV,2026-05-09,DEEP_ITM,2204969.0,1100,3,3638,104.84333333333332,-0.826742719,0.650158376436276,1.5296442687747036,0.1402547045840636,0.3605134357919595,1861332.768995227,79197.421503858,34436874.0,0.06402930184661941
US.CRWV,2026-05-09,DEEP_OTM,11953437.0,62606,13,89009,91.00623076923077,-0.18812754623076922,3.678637323557714,23.38095238095238,0.10289704674783179,0.6259101085316591,2284152.110518396,1029476.7500053849,34436874.0,0.3471115583836094
US.CSCO,2026-05-09,ATM,745347.0,4423,2,3761,69.196,-0.3122117265,1.6683372494732944,2.341897233201581,0.04235744705348613,0.07223169741910372,228827.674882758,33518.328441075006,745347.0,1.0
US.CVNA,2026-05-09,ATM,517091.0,1125,1,0,63.963,-0.357074803,1125.0,1125.0,517091.0,517091.0,184640.166958073,50340.776381255004,1371020.0,0.3771578824524806
US.CVNA,2026-05-09,DEEP_OTM,853929.0,16605,1,0,72.673,-0.129595345,16605.0,16605.0,853929.0,853929.0,110665.223360505,19383.267764538,1371020.0,0.6228421175475194
US.CVX,2026-05-09,ATM,405894.0,1097,1,4150,29.305,-0.321236732,0.26433734939759035,0.26433734939759035,0.005385187927129728,0.005385187927129728,130388.06209840802,88321.376790312,405894.0,1.0
US.DAL,2026-05-09,ATM,402329.0,1071,1,1245,42.471,-0.430254135,0.8602409638554217,0.8602409638554217,0.04406870629935534,0.04406870629935534,173103.715880415,38778.247716509,402329.0,1.0
US.DDOG,2026-05-09,ATM,1157747.0,1484,2,346,62.9045,-0.3091280125,4.359880156075809,4.7101449275362315,0.18317568457775585,0.26228582351510094,370608.994632173,219580.81735695602,2082607.0,0.5559123732898238
US.DDOG,2026-05-09,DEEP_OTM,924860.0,508,1,40,65.028,-0.306898112,12.7,12.7,1.1551508792965628,1.1551508792965628,283837.78786432,348501.73870648,2082607.0,0.4440876267101762
US.DELL,2026-05-09,ATM,2373244.0,2705,5,25,69.7552,-0.42266523559999997,356.87,669.0,270511.0486040083,669662.0,1018058.732283106,322324.200637814,3129525.0,0.758340003674679
US.DELL,2026-05-09,DEEP_OTM,756281.0,2965,2,182,69.7885,-0.13586666,31.669195996125282,51.10526315789474,0.3938957592006255,0.6900948524270826,99466.420043893,56688.608890923,3129525.0,0.24165999632532092
US.DHR,2026-05-09,DEEP_ITM,14417190.0,3621,3,1293,0.0,0.0,3.20220581863356,4.675324675324675,0.8663982377607636,1.611160515110036,0.0,0.0,14417190.0,1.0
US.DIS,2026-05-09,ATM,340141.0,783,1,4826,24.417,-0.557609356,0.16224616659759636,0.16224616659759636,0.006524804350439931,0.006524804350439931,189665.80395919597,48370.047167811004,340141.0,1.0
US.DPZ,2026-05-09,DEEP_OTM,613505.0,1533,1,27,35.944,-0.149926692,56.77777777777778,56.77777777777778,0.7024362373997591,0.7024362373997591,91980.77517546,202309.46217493498,613505.0,1.0
US.EA,2026-05-09,DEEP_OTM,1063475.0,4041,1,2703,27.352,-0.10361467,1.495005549389567,1.495005549389567,0.019628939898630706,0.019628939898630706,110191.61117825001,205509.591813925,1063475.0,1.0
US.ELF,2026-05-09,DEEP_OTM,390660.0,583,1,73,74.344,-0.253658067,7.986301369863014,7.986301369863014,0.8793143032065509,0.8793143032065509,99094.06045422,55795.883628899996,390660.0,1.0
US.ENPH,2026-05-09,ATM,545210.0,1019,1,4268,73.061,-0.368310422,0.2387535145267104,0.2387535145267104,0.035046275405191014,0.035046275405191014,200806.52517862,45094.18715917999,545210.0,1.0
US.EOG,2026-05-09,DEEP_OTM,362670.0,709,1,476,33.84,-0.291071243,1.4894957983193278,1.4894957983193278,0.05859507534460373,0.05859507534460373,105562.80769881,97377.0727083,362670.0,1.0
US.ETN,2026-05-09,ATM,700755.0,704,2,342,35.723,-0.437181372,10.751136363636363,20.727272727272727,0.23091672685611817,0.43736146048666286,311235.445039101,244725.41364476696,700755.0,1.0
US.EXPE,2026-05-09,ATM,2601457.0,2060,1,2038,46.056,-0.460617748,1.0107948969578018,1.0107948969578018,0.055503759724466376,0.055503759724466376,1198277.264858836,794734.9235929309,2601457.0,1.0
US.FBIN,2026-05-09,DEEP_OTM,2553531.0,88053,1,89874,55.261,-0.132337919,0.9797383002870685,0.9797383002870685,0.007480869917902617,0.007480869917902617,337928.978641989,28741.183903977,2553531.0,1.0
US.FCX,2026-05-09,ATM,687694.0,2906,2,15027,50.0065,-0.4540702995,1.7591685190966242,3.439453125,0.0534222304695041,0.1027850643755069,309920.680179473,39838.32879108,1000974.0,0.6870248378079751
US.FCX,2026-05-09,DEEP_ITM,313280.0,315,1,1298,51.463,-0.739133757,0.24268104776579352,0.24268104776579352,0.03914938073047686,0.03914938073047686,231555.82339295998,20935.52778592,1000974.0,0.312975162192025
US.FLEX,2026-05-09,DEEP_OTM,1424396.0,2633,1,23,63.737,-0.22072173,114.47826086956522,114.47826086956522,4.3560709621977365,4.3560709621977365,314395.14932508,262988.643558032,1424396.0,1.0
US.FLR,2026-05-09,DEEP_ITM,3359618.0,4023,1,5033,79.661,-0.95659327,0.7993244585734155,0.7993244585734155,0.15412560178325246,0.15412560178325246,3213787.96857086,18386.215024780002,3359618.0,1.0
US.FOUR,2026-05-09,ATM,486252.0,1041,1,275,65.478,-0.550759505,3.7854545454545456,3.7854545454545456,0.41526282078654086,0.41526282078654086,267807.91082526004,27432.491541156,486252.0,1.0
US.FSLR,2026-05-09,ATM,372765.0,545,1,526,50.555,-0.418921667,1.0361216730038023,1.0361216730038023,0.03221999123547782,0.03221999123547782,156159.335199255,44191.99378479,372765.0,1.0
US.FTNT,2026-05-09,ATM,350407.0,638,1,217,37.267,-0.366626987,2.9400921658986174,2.9400921658986174,0.1415603403036134,0.1415603403036134,128468.662633709,65747.045168791,350407.0,1.0
US.GDX,2026-05-09,DEEP_OTM,356449.0,1600,1,10317,47.384,-0.218491706,0.15508384220219057,0.15508384220219057,0.0036525716559049994,0.0036525716559049994,77881.15011199401,33257.380715917,356449.0,1.0
US.GE,2026-05-09,ATM,1103994.0,1298,1,1782,37.13,-0.387177013,0.7283950617283951,0.7283950617283951,0.020848906361273855,0.020848906361273855,427441.09928992204,420022.381049262,1103994.0,1.0
US.GEV,2026-05-09,ATM,2260165.0,530,2,485,49.446,-0.47035231050000004,1.2597751710654936,1.7225806451612904,0.0489510357579169,0.06044835344778125,1116890.745556437,1860122.3113369527,5743909.0,0.39348899851999747
US.GEV,2026-05-09,DEEP_OTM,3483744.0,1554,2,94,50.903,-0.192998959,473.2659574468085,940.0,427230.13445708016,854460.0,844394.584976184,4647940.882944216,5743909.0,0.6065110014800026
US.GILD,2026-05-09,ATM,384859.0,2376,1,6352,29.178,-0.386129107,0.37405541561712846,0.37405541561712846,0.004613464821538067,0.004613464821538067,148605.26199091302,26589.573097811,384859.0,1.0
US.GLD,2026-05-09,ATM,7461998.0,9665,9,50772,23.829444444444444,-0.400069765,28.248774472731466,223.0,47697.26805699649,429275.0,2965705.25954707,3742545.910608997,13908325.0,0.5365130596243617
US.GLD,2026-05-09,DEEP_ITM,4431392.0,865,3,4636,8.172666666666666,-0.26968611000000003,5.363191121264283,15.681818181818182,0.7927340541244353,2.342246728995467,1808400.70674936,1509684.480105456,13908325.0,0.3186143550715129
US.GLD,2026-05-09,DEEP_OTM,2014935.0,16448,4,13431,27.622,-0.09889608875,48.24315771246605,129.45454545454547,0.10020124010046913,0.25059363257025613,173931.70521576,547748.909404357,13908325.0,0.14487258530412542
US.GLW,2026-05-09,ATM,327539.0,257,1,1388,72.553,-0.385124527,0.1851585014409222,0.1851585014409222,0.012623253804870123,0.012623253804870123,126143.302449053,78338.859624077,327539.0,1.0
US.GOOG,2026-05-09,ATM,5220855.0,6795,8,5945,29.898625,-0.37735812175,2.1194324569841823,6.546728971962617,0.040705262201241585,0.08953618300822222,1982193.708537396,2369576.726643434,7975776.0,0.6545889704023784
US.GOOG,2026-05-09,DEEP_OTM,2754921.0,4862,5,7079,34.937799999999996,-0.19212152659999998,1.44138556043823,2.8034188034188032,0.036177819066194265,0.09295240432376813,522352.15440041304,1364008.560908306,7975776.0,0.3454110295976216
US.GOOGL,2026-05-09,ATM,6601019.0,11824,13,11197,29.62346153846154,-0.3668446606923077,4.8737990646963905,22.263157894736842,0.10070484652276114,0.5581439972138551,2367259.235802143,3238799.907324786,8149346.0,0.8100059808480337
US.GOOGL,2026-05-09,DEEP_OTM,1548327.0,1273,4,4081,35.8835,-0.225161928,0.34215272798696394,0.4834905660377358,0.011116977098483739,0.01846019611551843,346286.715069718,1086824.805852919,8149346.0,0.18999401915196631
US.GPN,2026-05-09,ATM,1980560.0,4889,2,3833,39.911500000000004,-0.533402652,3.632117536298206,6.713968957871397,0.2674169846595898,0.5194674262106113,1012606.6164170279,163003.2178914,1980560.0,1.0
US.GS,2026-05-09,ATM,455700.0,217,1,5,31.241,-0.332023191,43.4,43.4,0.9732188621219887,0.9732188621219887,151302.9681387,478568.25502290006,3451060.0,0.13204638574814695
US.GS,2026-05-09,DEEP_OTM,2995360.0,706,2,404,33.473,-0.2948690885,1.78693865276664,2.052325581395349,0.0819031978217053,0.10029628514893972,884254.9728279259,6144594.3396084495,3451060.0,0.867953614251853
US.HIMS,2026-05-09,ATM,740981.0,2774,2,8207,118.787,-0.435862689,0.7543456032719836,1.4166666666666667,0.05754151288688616,0.09827316642016848,315786.918752615,18242.45280731,740981.0,1.0
US.HOOD,2026-05-09,ATM,3957642.0,12622,7,47707,59.171,-0.4232616022857143,1.2023257679234278,6.94435857805255,0.028015059106388084,0.11629022675482625,1571418.986022308,306421.5387196,6956342.0,0.5689257371187328
US.HOOD,2026-05-09,DEEP_ITM,2998700.0,470,1,3762,256.988,-0.935474215,0.12493354598617756,0.12493354598617756,0.1034795021416775,0.1034795021416775,2805206.5285205003,40016.1251617,6956342.0,0.4310742628812672
US.HPQ,2026-05-09,ATM,1008000.0,3200,1,4,53.442,-0.377634969,800.0,800.0,111.11111111111111,111.11111111111111,380656.048752,63542.524752000005,1008000.0,1.0
US.HUM,2026-05-09,DEEP_OTM,490050.0,1092,1,1099,46.867,-0.166164875,0.9936305732484076,0.9936305732484076,0.016217099524179282,0.016217099524179282,81429.09699374999,112437.3023235,490050.0,1.0
US.INTC,2026-05-09,ATM,39711128.0,51105,29,6687,97.37593103448276,-0.4226488248275862,88.72836444576848,1169.0,61262.74743154419,956621.0,16481798.144607078,4410346.878575764,180979132.0,0.2194237952251865
US.INTC,2026-05-09,DEEP_ITM,3349464.0,1723,5,243,102.5386,-0.6312393126,92.12108585858586,300.0,153004.74975402572,765000.0,2083001.157872412,397569.665350759,180979132.0,0.018507459744032808
US.INTC,2026-05-09,DEEP_OTM,137918540.0,519879,75,333094,98.70392,-0.171100206,16.112342296755457,550.3095238095239,0.6081396110443056,19.10680590743844,28791190.68905059,14520119.419733938,180979132.0,0.7620687450307807
US.INTU,2026-05-09,ATM,2772264.0,886,3,308,64.35366666666665,-0.40630371466666665,12.68002331002331,22.384615384615383,0.7993925589436679,1.4305293253338975,1103883.334535405,1712053.365320023,3502062.0,0.7916090577494059
US.INTU,2026-05-09,DEEP_OTM,729798.0,1236,1,223,58.475,-0.107250282,5.542600896860987,5.542600896860987,0.08257769855165019,0.08257769855165019,78271.041303036,233658.187922592,3502062.0,0.20839094225059407
US.JBL,2026-05-09,ATM,1992032.0,2270,1,207,51.478,-0.362587648,10.966183574879228,10.966183574879228,0.2709655918673542,0.2709655918673542,722286.197620736,517791.39369641605,2346480.0,0.8489448024274658
US.JBL,2026-05-09,DEEP_OTM,354448.0,2272,1,3,53.475,-0.09842973,757.3333333333334,757.3333333333334,3.3267445680229013,3.3267445680229013,34888.220939039995,42618.796328576,2346480.0,0.1510551975725342
US.JPM,2026-05-09,ATM,4309617.0,15155,5,13285,26.7906,-0.3546827762,1.4160049315559369,3.5862341772151898,0.012721437981659759,0.021967640021956013,1483734.2133498478,1031030.4017631119,6410425.0,0.6722825709683835
US.JPM,2026-05-09,DEEP_OTM,2100808.0,12831,2,7517,29.1515,-0.127096409,1.606237441350047,2.123608017817372,0.009072692881875163,0.009989111114551518,257774.831004704,430176.87251083204,6410425.0,0.3277174290316165
US.KBR,2026-05-09,DEEP_ITM,3300000.0,4000,2,2835,50.2355,-0.7973653195,1.7374559967052687,2.4906600249066004,0.4462911180045728,0.6506026494070714,2629264.7612,143259.4922,3300000.0,1.0
US.KKR,2026-05-09,ATM,408670.0,601,1,125,43.127,-0.35544081,4.808,4.808,0.3188997268825595,0.3188997268825595,145257.9958227,83530.19169671,408670.0,1.0
US.LFUS,2026-05-09,ATM,370424.0,504,1,0,54.462,-0.291064178,504.0,504.0,370424.0,370424.0,107817.157071472,80329.91897712,370424.0,1.0
US.LITE,2026-05-09,ATM,2122237.0,568,2,1420,91.3485,-0.373511196,0.43790711331627585,0.6185383244206774,0.019062591902944483,0.03110156009938627,881393.0972729371,1009320.469815023,6392417.0,0.3319928909518888
US.LITE,2026-05-09,DEEP_OTM,4270180.0,1630,5,1972,96.2646,-0.1873007448,1.9790410598903914,6.461538461538462,0.06539041936702258,0.22437741501693703,783828.702371061,3755518.277297795,6392417.0,0.6680071090481112
US.LLY,2026-05-09,ATM,1561589.0,655,2,1008,35.359,-0.2996272165,0.6357966181285355,0.6813353566009105,0.019306401086463698,0.028971594583290093,482720.658242903,2403296.476768392,2010783.0,0.7766074210891976
US.LLY,2026-05-09,DEEP_OTM,449194.0,640,1,1429,34.062,-0.146543397,0.44786564030790765,0.44786564030790765,0.0033142653545335525,0.0033142653545335525,65826.414672018,327131.194387146,2010783.0,0.22339257891080241
US.LRCX,2026-05-09,ATM,2472413.0,1950,4,3151,65.64574999999999,-0.417777453,5.544424096776472,18.925925925925927,0.302265031490632,1.1066800178855951,1060851.641541465,742386.438987308,2472413.0,1.0
US.LYFT,2026-05-09,ATM,319480.0,4817,1,4535,63.997,-0.52949473,1.0621830209481808,1.0621830209481808,0.04909242477209778,0.04909242477209778,169162.9763404,2408.48911492,879107.0,0.36341423740227297
US.LYFT,2026-05-09,DEEP_OTM,559627.0,5297,1,2893,61.805,-0.311606396,1.8309713100587626,1.8309713100587626,0.1348026173955878,0.1348026173955878,174383.35257429202,15175.441175128,879107.0,0.636585762597727
US.MA,2026-05-09,ATM,368953.0,400,1,1044,25.242,-0.322632842,0.3831417624521073,0.3831417624521073,0.007132543325764528,0.007132543325764528,119036.35495442599,219216.29761805802,368953.0,1.0
US.MARA,2026-05-09,DEEP_ITM,310577.0,807,1,1121,95.548,-0.692252233,0.719892952720785,0.719892952720785,0.2141062779285993,0.2141062779285993,214997.62176844102,4694.843742617,310577.0,1.0
US.MCD,2026-05-09,ATM,371614.0,825,1,1487,19.325,-0.707263358,0.554808338937458,0.554808338937458,0.009062866389336168,0.009062866389336168,262828.96551981196,48297.15539488001,4391939.0,0.08461274166148483
US.MCD,2026-05-09,DEEP_ITM,4020325.0,1090,4,1036,58.656,-0.9408252015,1.061660109777201,1.1393034825870647,0.14243044906167332,0.18999566399936932,3786516.9696640195,175562.290744146,4391939.0,0.9153872583385152
US.MCHP,2026-05-09,DEEP_OTM,1984719.0,4667,1,212,61.163,-0.165642875,22.014150943396228,22.014150943396228,0.9447857579444644,0.9447857579444644,328754.561227125,295271.732464797,1984719.0,1.0
US.MCK,2026-05-09,ATM,674527.0,904,2,1244,30.327,-0.347571219,0.7374012446027522,1.0150501672240804,0.007407628137150502,0.008479314297896265,230301.69945750298,247533.480381493,674527.0,1.0
US.MELI,2026-05-09,ATM,550571.0,291,1,277,39.907,-0.342842856,1.0505415162454874,1.0505415162454874,0.0121751705254953,0.0121751705254953,188759.33407077598,455775.50045258703,3634409.0,0.1514884538311456
US.MELI,2026-05-09,DEEP_OTM,3083838.0,665,2,88,38.6335,-0.25426784750000003,9.126031746031746,12.76,0.25338275347218575,0.34305735917477276,785554.122402332,7064991.35217166,3634409.0,0.8485115461688544
US.META,2026-05-09,ATM,27664562.0,35411,31,64553,27.340870967741935,-0.4561247199032258,4.772366024820732,48.955882352941174,0.05444529334615451,0.493964999020621,13420350.994755868,11817020.433122892,46146767.0,0.5994907942305038
US.META,2026-05-09,DEEP_ITM,13607090.0,1200,3,861,0.0,0.0,1.858346667784054,2.255639097744361,0.329283990067138,0.4008806799023816,0.0,0.0,46146767.0,0.2948655102967452
US.META,2026-05-09,DEEP_OTM,4875115.0,3784,6,13033,36.14383333333333,-0.199242943,0.40285646229549527,0.8621848739495799,0.01101427978930298,0.028545175442751043,949849.334539026,4598782.115884,46146767.0,0.1056436954727511
US.MNST,2026-05-09,DEEP_ITM,546320.0,399,1,0,30.37,-0.938629176,399.0,399.0,546320.0,546320.0,512791.89143232,17883.5065768,546320.0,1.0
US.MOH,2026-05-09,ATM,793833.0,1269,1,938,45.573,-0.308572219,1.3528784648187633,1.3528784648187633,0.04551488856368138,0.04551488856368138,244954.81032542698,172721.424441819,793833.0,1.0
US.MP,2026-05-09,ATM,563250.0,973,1,2103,69.732,-0.511545308,0.46267237280076084,0.46267237280076084,0.03971995685069294,0.03971995685069294,288127.894731,50722.82763299999,1149988.0,0.48978771952402983
US.MP,2026-05-09,DEEP_OTM,586738.0,1492,1,2695,65.812,-0.229392827,0.5536178107606679,0.5536178107606679,0.03228734147994333,0.03228734147994333,134593.488528326,72390.920634394,1149988.0,0.5102122804759702
US.MRK,2026-05-09,ATM,338399.0,552,1,2706,31.66,-0.587543723,0.2039911308203991,0.2039911308203991,0.011227784415815721,0.011227784415815721,198824.208319477,48955.202649697996,717878.0,0.47138789599346964
US.MRK,2026-05-09,DEEP_ITM,379479.0,437,1,1,25.651,-0.848461067,437.0,437.0,34.070659005207396,34.070659005207396,321973.157244093,26899.371191874,717878.0,0.5286121040065304
US.MRNA,2026-05-09,ATM,315175.0,495,1,609,90.913,-0.450446136,0.812807881773399,0.812807881773399,0.09522147849718195,0.09522147849718195,141969.3609138,22695.814469825,315175.0,1.0
US.MRVL,2026-05-09,ATM,4494010.0,4315,6,2536,79.9135,-0.40107772233333333,4.294707465725026,17.19148936170213,0.24431635016783348,0.5831835730123772,1735158.556905052,996687.8026783,9966939.0,0.4508916930263143
US.MRVL,2026-05-09,DEEP_OTM,5472929.0,6165,5,5525,83.039,-0.23663229919999998,9.738957711845966,42.149253731343286,0.4710906182006971,2.013511178019267,1369587.351704715,1159308.403107596,9966939.0,0.5491083069736857
US.MSFT,2026-05-09,ATM,18411868.0,32917,28,120181,26.838500000000003,-0.42522186335714285,1.084898369061586,10.812,0.010756951809059227,0.05684015926066651,7649979.342654845,8362053.391122838,39395879.0,0.467355176920916
US.MSFT,2026-05-09,DEEP_ITM,16220585.0,2261,5,2051,0.0,0.0,1.713804827131884,2.095808383233533,0.3230252273115042,0.46317908212448705,0.0,0.0,39395879.0,0.41173303938719075
US.MSFT,2026-05-09,DEEP_OTM,4763426.0,13736,7,34665,31.06114285714286,-0.1933249172857143,13.251999335615427,91.88541666666667,0.04893949254120939,0.32464006207937807,870306.25238414,2439627.402271141,39395879.0,0.12091178369189326
US.MSTR,2026-05-09,ATM,8904114.0,18941,7,21509,64.99714285714286,-0.33016541242857145,1.1146263565331465,2.429366736256089,0.033476064943929705,0.057744374983222053,2746413.27785376,830827.656604195,12980991.0,0.6859348411843132
US.MSTR,2026-05-09,DEEP_OTM,4076877.0,10958,7,20362,69.759,-0.20173244985714286,1.2562729001049249,5.734513274336283,0.03872199046118769,0.18841504750286234,855230.767910677,636674.4509805951,12980991.0,0.3140651588156867
US.MU,2026-05-09,ATM,141847537.0,39562,31,1466,88.69048387096775,-0.3654063210645161,68.5265737471678,439.42857142857144,3.7863290914527985,24.662753250579147,51092762.71803561,76926551.42390628,332021750.0,0.4272236291748959
US.MU,2026-05-09,DEEP_ITM,32515086.0,1288,3,212,88.49466666666667,-0.643255622,41.28333333333334,100.0,22.285562726990037,58.27943598602017,19904064.338490546,49243672.569445424,332021750.0,0.09793059039053917
US.MU,2026-05-09,DEEP_OTM,157659127.0,132242,95,106265,92.35861052631579,-0.15266810216842105,6.724974022602837,81.0,0.19596352917677123,2.4421490646634263,27059428.47543571,87593458.04678133,332021750.0,0.4748457804345649
US.MXL,2026-05-09,ATM,435167.0,494,1,1,163.212,-0.459281276,494.0,494.0,43.590804367424624,43.590804367424624,199864.055033092,22695.718430180998,2007857.0,0.2167320680705847
US.MXL,2026-05-09,DEEP_ITM,1572690.0,553,1,0,185.94,-0.786578585,553.0,553.0,1572690.0,1572690.0,1237044.27484365,60121.88948493,2007857.0,0.7832679319294152
US.NFLX,2026-05-09,ATM,4469426.0,20220,9,106776,31.608999999999998,-0.45207352366666664,0.34988450997234877,1.1019836639439906,0.008217925565400843,0.024502514291754773,2040746.919503561,523076.327398485,15746871.0,0.2838294668191541
US.NFLX,2026-05-09,DEEP_ITM,10949315.0,6933,8,51571,17.487375,-0.42119851937499997,0.25216499478808896,0.8446866485013624,0.048467995664692703,0.14098825283648303,5226343.32540345,361070.546722764,15746871.0,0.6953327426128022
US.NFLX,2026-05-09,DEEP_OTM,328130.0,631,1,5709,37.387,-0.300775751,0.11052723769486775,0.11052723769486775,0.006569426816959648,0.006569426816959648,98693.54717563,73038.23422786,15746871.0,0.020837790568043645
US.NKE,2026-05-09,ATM,358244.0,3196,1,556,33.849,-0.460328538,5.748201438848921,5.748201438848921,0.14597275509904717,0.14597275509904717,164909.936767272,12244.367222911998,358244.0,1.0
US.NOW,2026-05-09,ATM,2132884.0,2659,3,18544,56.232,-0.48196055099999996,0.2445245375265586,0.5068846815834768,0.019726265471448772,0.03529428087431983,1065458.193336994,292526.99894516903,4017471.0,0.5309021521250558
US.NOW,2026-05-09,DEEP_ITM,1884587.0,536,2,1159,159.17000000000002,-0.901736322,0.46256327794651897,0.5734024179620034,0.1783894436928023,0.2431168244710211,1700632.711140903,40719.371859273,4017471.0,0.4690978478749442
US.NVDA,2026-05-09,ATM,88640036.0,218311,63,190162,41.23298412698413,-0.45393483885714286,6.359033278880111,110.46153846153847,0.15222324117305808,1.9356784505448412,40510740.4468874,18195247.46817309,128052908.0,0.6922141588537762
US.NVDA,2026-05-09,DEEP_ITM,421888.0,216,1,47,41.176,-0.938342037,4.595744680851064,4.595744680851064,0.41708324275182324,0.41708324275182324,395875.245305856,15102.452568064002,128052908.0,0.0032946381818990005
US.NVDA,2026-05-09,DEEP_OTM,38990984.0,84912,37,532103,45.56702702702703,-0.21043572805405406,0.17489340096618117,0.45191338500573497,0.004565445552314847,0.015154165307621167,9062135.388436986,11592588.481069723,128052908.0,0.3044912029643247
US.OKTA,2026-05-09,DEEP_OTM,758354.0,3120,1,1,82.688,-0.208696091,3120.0,3120.0,90.38784266984506,90.38784266984506,158265.515394214,43809.877006967996,758354.0,1.0
US.ON,2026-05-09,DEEP_OTM,344580.0,961,1,1002,63.292,-0.121348733,0.9590818363273453,0.9590818363273453,0.03332288910550991,0.03332288910550991,41814.34641714,47605.03950522,344580.0,1.0
US.ONTO,2026-05-09,ATM,870216.0,409,1,10,65.475,-0.420246149,40.9,40.9,3.0569290757719463,3.0569290757719463,365704.92279818404,324239.189572872,870216.0,1.0
US.ORCL,2026-05-09,ATM,10276059.0,13053,11,13453,60.1169090909091,-0.3991578390909091,3.7667256944797574,16.974683544303797,0.1944166533524383,0.8029050293765201,4206943.225674626,2626842.447922612,16753740.0,0.613359106683045
US.ORCL,2026-05-09,DEEP_OTM,6477681.0,24475,5,30806,64.4624,-0.1810976942,0.8382260368712341,2.3262366938008765,0.01026974194352712,0.02035990248590161,1478030.680554743,1110154.140474395,16753740.0,0.3866408933169549
US.OSK,2026-05-09,ATM,351665.0,358,1,362,53.974,-0.733506218,0.988950276243094,0.988950276243094,0.07041025413083235,0.07041025413083235,257948.46415297,21973.1263948,351665.0,1.0
US.PANW,2026-05-09,ATM,1525410.0,5359,3,601,47.25866666666667,-0.33604375133333336,11.503590798775983,31.92,0.13467366456963376,0.22606984798922455,452131.850205027,305906.952890381,2346206.0,0.6501603013546126
US.PANW,2026-05-09,DEEP_OTM,820796.0,1927,2,5019,53.069,-0.159367031,0.4103471343293376,0.4982915717539863,0.008405296479612126,0.010198300842040023,129757.736219096,137625.834907308,2346206.0,0.3498396986453875
US.PATH,2026-05-09,ATM,821326.0,6330,1,2132,83.803,-0.466544736,2.969043151969981,2.969043151969981,0.3570318219044456,0.3570318219044456,383185.321839936,11796.366951688,821326.0,1.0
US.PDD,2026-05-09,ATM,542523.0,1527,1,19176,43.374,-0.357159403,0.07963078848560701,0.07963078848560701,0.0028641193524706044,0.0028641193524706044,193767.190793769,66951.427738374,542523.0,1.0
US.PEP,2026-05-09,DEEP_OTM,737996.0,2102,1,281,28.545,-0.202241055,7.480427046263345,7.480427046263345,0.16985644060907443,0.16985644060907443,149253.08962578,234997.13126990802,737996.0,1.0
US.PFE,2026-05-09,ATM,360112.0,18923,1,61291,24.266,-0.178925934,0.3087402718180483,0.3087402718180483,0.0022879465108256608,0.0022879465108256608,64433.375944608,8080.453416976,360112.0,1.0
US.PH,2026-05-09,DEEP_OTM,452120.0,254,1,11,33.533,-0.210338678,23.09090909090909,23.09090909090909,0.46768792806137915,0.46768792806137915,95098.32309736,613595.56178788,452120.0,1.0
US.PLTR,2026-05-09,ATM,19233202.0,39008,24,168081,48.46883333333333,-0.4573221259583333,1.0215150474133874,7.836248012718601,0.02951974754944449,0.11562089708593593,8876244.414005918,2471183.139445981,26134322.0,0.735936520564796
US.PLTR,2026-05-09,DEEP_ITM,1049952.0,491,2,12042,50.417500000000004,-0.7040586415,0.1474887369187752,0.2760975609756098,0.02724277082194338,0.05244929024036248,658636.6330716601,280096.608739056,26134322.0,0.04017521479990948
US.PLTR,2026-05-09,DEEP_OTM,5851168.0,20470,7,87776,51.28971428571429,-0.19189041599999998,0.35155076647125905,0.931957612939208,0.008723637758407793,0.021469890425452855,1195747.640842576,1052396.001428729,26134322.0,0.22388826463529454
US.PWR,2026-05-09,DEEP_OTM,518075.0,296,1,243,42.402,-0.261896882,1.2181069958847737,1.2181069958847737,0.028617394426492113,0.028617394426492113,135682.22714215,420430.7376999,518075.0,1.0
US.QCOM,2026-05-09,ATM,15779288.0,14726,14,2491,79.64157142857142,-0.428356375,9.433585704376087,21.705882352941178,0.5332432451062659,1.1854086287397336,6888087.56784909,2828891.61285937,26228200.0,0.6016153605661082
US.QCOM,2026-05-09,DEEP_ITM,3551831.0,646,3,12,84.623,-0.7878524783333333,114.66666666666667,202.0,368494.07671580935,1105448.0,2785617.3481282927,649761.922052497,26228200.0,0.13542031096300927
US.QCOM,2026-05-09,DEEP_OTM,6897081.0,12375,10,10394,67.84909999999999,-0.22545215980000002,2.6233555324550326,8.535714285714286,0.12350531678660795,0.6142121415639148,1625273.391376885,1797699.167964737,26228200.0,0.26296432847088247
US.QQQ,2026-05-09,ATM,507536486.0,962195,224,327054,21.665660714285714,-0.32703870191517853,193.70494844431224,7665.0,59745.067813915586,3415262.0,172436789.05958807,314855711.39321774,585680569.0,0.8665755923345307
US.QQQ,2026-05-09,DEEP_ITM,3625342.0,434,2,200,19.791,-0.839203369,117.0025,233.0,1040681.0542714733,2081362.0,3061254.0081595937,3023304.014104964,585680569.0,0.006189964618751079
US.QQQ,2026-05-09,DEEP_OTM,74518741.0,167780,55,858838,28.22076363636364,-0.13218203058181818,1.3673712099043076,25.0,0.013154781631061686,0.21153491135075855,10755281.651331902,52089032.54769632,585680569.0,0.1272344430467182
US.RCL,2026-05-09,ATM,30412536.0,7064,1,6891,51.316,-0.354212743,1.0251052096938036,1.0251052096938036,0.1603462608355983,0.1603462608355983,10772507.798146248,18766267.679126352,37564528.0,0.8096078300251769
US.RCL,2026-05-09,DEEP_OTM,7151992.0,5387,1,6162,53.022,-0.257286029,0.8742291463810451,0.8742291463810451,0.042169046083696406,0.042169046083696406,1840107.6211197681,2125188.024797528,37564528.0,0.19039216997482306
US.RKLB,2026-05-09,ATM,4241817.0,5021,7,587,95.686,-0.35008037214285714,381.2690576851999,1206.0,302257.92992571683,1012341.0,1496505.5695349681,523209.899387131,27118947.0,0.15641525461884637
US.RKLB,2026-05-09,DEEP_OTM,22877130.0,48340,13,31850,95.31407692307693,-0.17751592407692307,8.406076051872843,45.0,0.3590289950480948,2.2289531839166807,4558756.656548036,2198315.655673031,27118947.0,0.8435847453811536
US.SCHW,2026-05-09,ATM,1455375.0,13681,2,1394,37.5215,-0.2792634995,19.596179590155494,37.44444444444444,0.212858329072605,0.38626082190014027,416715.627379701,93069.34791487799,1858748.0,0.7829867200933102
US.SCHW,2026-05-09,DEEP_OTM,403373.0,1794,1,506,31.919,-0.230613103,3.5454545454545454,3.5454545454545454,0.08996499739275851,0.08996499739275851,93023.099196419,58172.469868213,1858748.0,0.2170132799066899
US.SHOP,2026-05-09,ATM,2607599.0,3670,3,1689,61.68266666666667,-0.4951661543333333,43.49502983856599,124.0,3.9594467842973984,11.58998279141382,1171272.6214141361,376805.073491615,6256463.0,0.41678485112115266
US.SHOP,2026-05-09,DEEP_ITM,2746841.0,1711,3,2234,63.23466666666667,-0.8131034223333332,1.2074935580819581,2.3433734939759034,0.1469817744692775,0.2387295763981567,2251901.637515715,182812.121001512,6256463.0,0.43904055694087857
US.SHOP,2026-05-09,DEEP_OTM,902023.0,861,1,1522,62.1,-0.315124162,0.5657030223390276,0.5657030223390276,0.05367778038159287,0.05367778038159287,284249.241979726,213424.75300582498,6256463.0,0.14417459193796878
US.SLV,2026-05-09,ATM,8753561.0,27047,9,88258,51.333555555555556,-0.46777689322222227,325.07268201522857,1610.0,147567.66160237655,700648.0,3868926.806904037,696021.875019095,8753561.0,1.0
US.SMCI,2026-05-09,ATM,755809.0,3017,2,10356,78.148,-0.46020554150000004,5.52924293877101,10.835820895522389,0.8496333255510755,1.6894999134944448,348817.643617976,31554.546706397,755809.0,1.0
US.SNDK,2026-05-09,ATM,19660199.0,2345,6,121,111.015,-0.3456043583333333,121.11202830188681,262.0,379789.46555334306,2278712.0,6951282.041612967,16987062.34773768,93541664.0,0.21017585276225148
US.SNDK,2026-05-09,DEEP_ITM,21993070.0,551,1,0,118.973,-0.898573569,551.0,551.0,21993070.0,21993070.0,19762391.40316683,8370898.4961096,93541664.0,0.23511523164693757
US.SNDK,2026-05-09,DEEP_OTM,51888395.0,26527,29,18870,123.49093103448276,-0.12020578348275862,4.802355363738524,36.5,0.13172021297953393,1.4692996562848035,8257947.724767997,37901077.5667175,93541664.0,0.5547089155908109
US.SNPS,2026-05-09,ATM,350000.0,200,1,0,47.243,-0.463889705,200.0,200.0,350000.0,350000.0,162361.39674999999,140136.10134999998,350000.0,1.0
US.STX,2026-05-09,DEEP_OTM,1143880.0,1025,3,308,79.346,-0.18693866666666667,15.382501774198525,29.166666666666668,0.23277931847746094,0.3441045691505673,213249.798464549,400848.839605615,1143880.0,1.0
US.SYK,2026-05-09,DEEP_ITM,3791077.0,404,2,301,17.9555,-0.487575123,1.3421633554083885,1.3509933774834437,0.441643659412683,0.5751450823787672,1295269.643306142,64851.118826729995,3791077.0,1.0
US.TER,2026-05-09,DEEP_OTM,1740977.0,731,2,238,72.896,-0.2324319265,200.6953781512605,400.0,326000.06358970475,652000.0,435016.20527090004,1080717.807208773,1740977.0,1.0
US.TMO,2026-05-09,DEEP_OTM,646420.0,2001,1,1,34.088,-0.147078356,2001.0,2001.0,13.901505376344087,13.901505376344087,95074.39088552,213738.98437934002,646420.0,1.0
US.TSLA,2026-05-09,ATM,317649520.0,365580,107,134431,42.18828971962617,-0.42862783583177566,180.91745527546487,4738.0,53095.97344115803,2368870.0,148018350.63495928,92614546.698706,362957644.0,0.8751696658026576
US.TSLA,2026-05-09,DEEP_ITM,13468543.0,1636,5,989,53.176199999999994,-0.862844679,59.05692556507163,280.0,975179.8507647247,4875896.0,12063525.500168718,2669392.190636804,362957644.0,0.03710775409375316
US.TSLA,2026-05-09,DEEP_OTM,31839581.0,44059,36,177164,46.69636111111111,-0.18680452930555555,0.36440331801148856,1.7912727272727273,0.008912338643479257,0.07252438451224491,5977091.553132112,17551414.331255205,362957644.0,0.08772258010358917
US.TTD,2026-05-09,DEEP_ITM,2367762.0,7075,2,12575,70.9565,-0.6777213535,0.5885748303739714,0.7130801687763713,0.08346819894775989,0.09251786989649789,1584349.7877554828,49461.352306265,2687918.0,0.8808907116958181
US.TTD,2026-05-09,DEEP_OTM,320156.0,3214,1,10097,66.692,-0.22053223,0.31831237001089435,0.31831237001089435,0.013738315463058592,0.013738315463058592,70604.71662788,7329.50579302,2687918.0,0.1191092883041819
US.TWLO,2026-05-09,ATM,723553.0,285,1,0,56.506,-0.377877784,285.0,285.0,723553.0,723553.0,273414.604246552,367244.697531025,723553.0,1.0
US.UBER,2026-05-09,DEEP_ITM,691300.0,310,1,620,45.473,-0.96513099,0.5,0.5,0.14777998674618953,0.14777998674618953,667195.053387,12411.137029,691300.0,1.0
US.UNH,2026-05-09,ATM,2297781.0,2364,4,4329,29.0845,-0.357815958,157.10680764608455,627.0,133176.26093349693,532705.0,838123.569170869,1050394.091783383,2297781.0,1.0
US.UPS,2026-05-09,DEEP_ITM,452225.0,311,1,663,70.649,-0.906076319,0.46907993966817496,0.46907993966817496,0.06768098724369226,0.06768098724369226,409750.363359775,10444.6410581,452225.0,1.0
US.UPWK,2026-05-09,DEEP_ITM,1839718.0,4089,1,4962,223.14,-0.850755117,0.8240628778718259,0.8240628778718259,0.4203643838295764,0.4203643838295764,1565149.502337006,4962.5620368439995,1839718.0,1.0
US.USO,2026-05-09,ATM,6719130.0,12283,7,16789,70.62585714285714,-0.42104159757142856,49.84714957318154,328.0,52100.399476789535,364702.0,2751015.546701618,901959.073486899,9685203.0,0.69375210824182
US.USO,2026-05-09,DEEP_ITM,2541019.0,1192,4,795,75.14375,-0.66342023075,74.67119309262166,167.5,16.25734494065956,32.67011003817651,1682098.72266574,403427.690386154,9685203.0,0.2623609438026234
US.USO,2026-05-09,DEEP_OTM,425054.0,1821,1,3137,58.303,-0.091235975,0.5804909148868346,0.5804909148868346,0.010142748082112798,0.010142748082112798,38780.21611765,56194.244517516,9685203.0,0.04388694795555653
US.V,2026-05-09,ATM,1548705.0,1050,1,1737,24.335,-0.411631775,0.6044905008635578,0.6044905008635578,0.027968179115969653,0.027968179115969653,637496.188101375,1151889.0184746902,1548705.0,1.0
US.VITL,2026-05-09,DEEP_ITM,2591350.0,4460,1,30464,252.293,-0.918404997,0.14640231092436976,0.14640231092436976,0.09514843059707104,0.09514843059707104,2379908.78897595,4598.6770851,2591350.0,1.0
US.VRT,2026-05-09,ATM,603142.0,319,1,1776,65.141,-0.343283266,0.17961711711711711,0.17961711711711711,0.009989322057298642,0.009989322057298642,207048.555621772,252233.18825255998,2327361.0,0.259152748542233
US.VRT,2026-05-09,DEEP_OTM,1724219.0,1358,3,1017,67.80366666666667,-0.23660243299999997,5.1146304675716445,10.632352941176471,0.2305804154864554,0.38376859044123796,420041.583952039,831497.145390426,2327361.0,0.740847251457767
US.VST,2026-05-09,ATM,5157455.0,3841,5,15288,50.292199999999994,-0.45695449660000004,1.1435625638587934,4.230769230769231,0.12153044506222177,0.47391114166093856,2380991.229877166,1464277.559373444,6358042.0,0.8111703257071909
US.VST,2026-05-09,DEEP_OTM,1200587.0,7525,2,3847,52.8645,-0.184366496,2.4498082456104213,4.548606390210741,0.02472147375794298,0.04000214085737012,178834.400923902,131735.322287915,6358042.0,0.188829674292809
US.VZ,2026-05-09,ATM,735534.0,2953,1,6152,25.514,-0.431943879,0.4800065019505852,0.4800065019505852,0.025319810047207302,0.025319810047207302,317709.409096386,81862.90633276201,735534.0,1.0
US.WBD,2026-05-09,DEEP_OTM,1125500.0,25014,1,74275,41.432,-0.116091753,0.33677549646583643,0.33677549646583643,0.005589504643497743,0.005589504643497743,130661.26800150001,35947.3703865,1125500.0,1.0
US.WDAY,2026-05-09,ATM,488927.0,1066,1,435,63.707,-0.379319848,2.4505747126436783,2.4505747126436783,0.08792694320132431,0.08792694320132431,185459.715323096,32617.154768389,488927.0,1.0
US.WDC,2026-05-09,ATM,394265.0,235,1,42,81.086,-0.364330747,5.595238095238095,5.595238095238095,0.19556795634920635,0.19556795634920635,143642.861965955,97495.100202845,4100693.0,0.0961459441123732
US.WDC,2026-05-09,DEEP_OTM,3706428.0,3008,5,918,86.1686,-0.17992333359999998,3.926586622626501,7.341463414634147,0.2437977182537666,1.0340447154471544,937205.5214847978,2621523.767558082,4100693.0,0.9038540558876268
US.WFC,2026-05-09,ATM,4917923.0,34617,5,26988,30.602600000000002,-0.402956816,2.725015314196457,7.537452537107352,0.06991878906947954,0.24215308786455514,2056173.481400876,636748.355896692,7414658.0,0.6632703760578034
US.WFC,2026-05-09,DEEP_OTM,2496735.0,30684,2,14028,32.5075,-0.225676456,1.9993567782596573,2.240092866864142,0.03840843260775548,0.05746194606716677,537762.5797040199,236693.292438655,7414658.0,0.33672962394219663
US.WHR,2026-05-09,DEEP_ITM,1385195.0,2181,1,6798,51.481,-0.938292576,0.3208296557811121,0.3208296557811121,0.045321414137924176,0.045321414137924176,1299718.1848123202,9963.75473163,2075421.0,0.6674284398201618
US.WHR,2026-05-09,DEEP_OTM,690226.0,11668,1,5784,60.87,-0.087458909,2.0172890733056708,2.0172890733056708,0.0265421884152134,0.0265421884152134,60366.412923434,16409.966468698,2075421.0,0.3325715601798382
US.WMS,2026-05-09,DEEP_OTM,300650.0,859,1,7,52.869,-0.255014285,122.71428571428571,122.71428571428571,2.999301675977654,2.999301675977654,76670.04478525001,45981.6587356,300650.0,1.0
US.XOM,2026-05-09,ATM,781613.0,2276,1,5453,30.994,-0.345988084,0.4173849257289565,0.4173849257289565,0.009914666156633061,0.009914666156633061,270428.78429949196,139268.503883635,781613.0,1.0
US.XYZ,2026-05-09,DEEP_OTM,899764.0,1623,1,762,50.354,-0.298312764,2.12992125984252,2.12992125984252,0.15775452918084637,0.15775452918084637,268411.085787696,140776.836102776,899764.0,1.0
