stock_owner,trade_date,turnover_sum,turnover_max,volume_sum,volume_max,option_open_interest_sum,option_open_interest_mean,option_implied_volatility_mean,option_delta_mean,market_val_last,cf_log_turnover_sum,cf_log_turnover_mean,cf_churn_mean,cf_churn_max,cf_notional_churn_mean,cf_notional_churn_max,cf_delta_flow_sum,cf_vega_flow_sum,cf_gamma_flow_sum,cf_iv_level_mean,cf_volume_oi_ratio_mean,cf_volume_oi_ratio_max,cf_turnover_per_contract_mean,cf_turnover_per_contract_max,cf_intraday_range_mean,cf_intraday_range_max,cf_theta_vega_ratio_mean,cf_dte_weight_mean,cf_market_val_log_last,contracts
US.AAL,2026-05-09,5070177.0,2928229.0,98575,45784,140051,35012.75,52.62525,-0.26928095825,8829491578.95,54.863820778467776,13.715955194616944,1.6882556024187463,5.6328740157480315,0.07812527118828573,0.26986096980152763,1286171.859900564,89217.76837798899,545231.746199217,52.62525,1.6882556024187463,5.6328740157480315,54.30390280040325,76.01576448243115,0.16313148918761244,0.19277108433734944,0.48527154642252474,0.018947015425888666,22.901363271189954,4
US.AAPL,2026-05-09,38740442.0,3960051.0,108754,16956,159760,3630.909090909091,25.017522727272727,-0.3589118492272727,4307169958492.0,591.7163803311184,13.448099552979965,13.41087810853581,354.0,0.3384641281512131,11.661273217689603,15996250.177605659,11895680.07374094,951018.984921945,25.017522727272727,13.41087810853581,354.0,933.7696430102399,15468.94921875,0.14672503538872883,0.44513127173164463,0.8861759357766055,0.0688305226855226,29.09130218221406,44
US.ABT,2026-05-09,44268557.0,7229181.0,16602,2786,11487,957.25,31.585916666666666,-0.46919786816666664,146869685145.28,176.7435882332438,14.728632352770317,1.4569579860293775,2.3189189189189188,0.44097658256469,0.8822852954993461,26725485.100184526,573038.57066759,294102.272577598,31.585916666666666,1.4569579860293775,2.3189189189189188,2475.970059597909,4090.0,0.10231472215377481,0.3027661092177221,0.9961446613452778,0.08283730158730158,25.712811534952003,12
US.ADBE,2026-05-09,3578068.0,1140270.0,5789,1491,8644,1234.857142857143,45.15657142857143,-0.3028411255714286,102278768000.0,91.27892760743823,13.039846801062605,1.293254378271715,4.945783132530121,0.04047034883052747,0.1409268523512261,1049055.491996043,1078528.8759492491,37245.742767997,45.15657142857143,1.293254378271715,4.945783132530121,1003.637602523115,2728.0,0.4233386196489655,1.0382165605095541,1.182124125548162,0.050337021826880525,25.350967941940965,7
US.ADI,2026-05-09,1080444.0,668444.0,3234,2000,105,52.5,44.120000000000005,-0.25083457649999996,203346795473.64,26.341490453905454,13.170745226952727,38.87247474747475,60.60606060606061,0.2613174989111319,0.2997418727755806,302370.218122776,195105.30572673999,14090.854559056,44.120000000000005,38.87247474747475,60.60606060606061,373.84440842787683,541.6888168557537,0.06951271586180874,0.13902543172361748,3.1553342356522283,0.125,26.038178710506383,2
US.AGX,2026-05-09,2305255.0,1628766.0,2504,1252,2636,1318.0,81.615,-0.0818114675,9496745920.9,27.72800678933648,13.86400339466824,0.9507144174041298,0.978125,0.013019721361797984,0.018705692492576368,217492.497765876,1132996.038550582,1626.46277999,81.615,0.9507144174041298,0.978125,920.6289936102237,1300.9313099041533,0.5904410850718442,0.8378902804727464,0.5739374037653109,0.014285714285714285,22.97421504233771,2
US.AKAM,2026-05-09,3547687.0,1641180.0,3293,2049,0,0.0,57.6045,-0.50486217075,21565660000.0,54.14816302797574,13.537040756993935,823.25,2049.0,886921.75,1641180.0,1666123.963462139,570851.2344488581,78631.35528807,57.6045,823.25,2049.0,1411.4012539748908,2220.676315789474,0.24336513400387175,0.3177672456340809,2.4365993794101346,0.06985849056603774,23.79436807177149,4
US.ALL,2026-05-09,304500.0,304500.0,300,300,317,317.0,25.134,-0.618771218,54869271229.5,12.626429650198945,12.626429650198945,0.9463722397476341,0.9463722397476341,0.04506534474988734,0.04506534474988734,188415.835881,82384.2907335,6668.4400755,25.134,0.9463722397476341,0.9463722397476341,1015.0,1015.0,0.0,0.0,0.2671653257925053,0.023809523809523808,24.728219306181323,1
US.AMAT,2026-05-09,3248167.0,2178085.0,1158,587,140,46.666666666666664,77.03266666666667,-0.48267961633333334,345569480486.48,40.93483393072003,13.644944643573345,14.565395428431733,21.74074074074074,0.9403420133207924,1.8526046025816374,1666629.610936485,1154106.646801134,20989.820950644003,77.03266666666667,14.565395428431733,21.74074074074074,2493.8261432502927,3710.5366269165247,0.15596292825340888,0.25701012666688944,4.552219646942503,0.0984848484848485,26.56845956120221,3
US.AMD,2026-05-09,188672799.0,11362941.0,144059,9925,53938,606.0449438202247,70.24783146067415,-0.2507065681348315,742233104866.41,1262.0732795693834,14.180598646847004,71.59856618604407,1412.0,63170.84139293146,2883960.0,55136415.941000566,66052326.832202174,1010706.339258547,70.24783146067415,71.59856618604407,1412.0,1801.1609844575548,6319.494339622642,0.30658742417108303,0.4959333465582225,2.51408067616899,0.0635649428707978,27.332929188279905,89
US.AMKR,2026-05-09,571210.0,571210.0,468,468,157,157.0,83.84,-0.385574015,18989513603.98,13.255513947525166,13.255513947525166,2.9808917197452227,2.9808917197452227,0.4749093140291176,0.4749093140291176,220243.73310815,89724.22849322,6380.86181501,83.84,2.9808917197452227,2.9808917197452227,1220.534188034188,1220.534188034188,0.05200942113514285,0.05200942113514285,0.3777634594371713,0.009433962264150943,23.667152748224044,1
US.AMT,2026-05-09,861749.0,861749.0,2541,2541,492,492.0,29.157,-0.318506525,,13.666720484379113,13.666720484379113,5.164634146341464,5.164634146341464,0.09921952969600506,0.09921952969600506,274472.67941222497,181608.85351301,17927.44702644,29.157,5.164634146341464,5.164634146341464,339.13774104683193,339.13774104683193,0.4038306218991577,0.4038306218991577,0.333099892670978,0.023809523809523808,0.0,1
US.AMZN,2026-05-09,16867659.0,1946624.0,65889,16321,87746,3815.0434782608695,29.329652173913043,-0.33157612078260873,2933248601008.48,306.3294664570673,13.3186724546551,2.92036127831976,24.92528735632184,0.023923076567502005,0.19784042260811796,5826299.942411466,3762574.692551272,566375.330393489,29.329652173913043,2.92036127831976,24.92528735632184,592.2015594520942,1684.75,0.2645948416595033,0.8010204081632653,1.1014123697155742,0.07414607796128533,28.707131662307894,23
US.ANET,2026-05-09,1840190.0,748596.0,1028,469,1106,368.6666666666667,53.889,-0.5020347296666666,178517151609.61,39.94462166414591,13.314873888048638,1.9458002196579747,4.338028169014085,0.2650317463055899,0.5620996913270552,947963.531637155,531583.583882184,19401.089637383,53.889,1.9458002196579747,4.338028169014085,1980.1843626978164,2982.4541832669324,0.0774389108841121,0.14561436022345173,0.31480976552919115,0.012773209401884816,25.9079505210044,3
US.APH,2026-05-09,3288518.0,1473593.0,5049,3132,5196,1039.2,49.4944,-0.5579829098,157506915993.35,66.22055514874167,13.244111029748334,1.2080721295554109,2.1659751037344397,0.090018782419561,0.18957820911667225,1649277.3591901988,601282.780273531,60926.527077028004,49.4944,1.2080721295554109,2.1659751037344397,971.3860875277599,1738.5044642857142,0.6781529839524436,1.557377049180328,0.9860804913958345,0.0382973944294699,25.782735205323274,5
US.APO,2026-05-09,835058.0,835058.0,2167,2167,941,941.0,40.356,-0.28602388,76792132731.6,13.63525766001942,13.63525766001942,2.3028692879914985,2.3028692879914985,0.06662278644212757,0.06662278644212757,238846.52918504,126609.433036856,15815.130059680001,40.356,2.3028692879914985,2.3028692879914985,385.3520996769728,385.3520996769728,0.23047619047619056,0.23047619047619056,0.47083687525002055,0.023809523809523808,25.064368033475265,1
US.APP,2026-05-09,3969779.0,1273724.0,1810,619,1986,397.2,67.31620000000001,-0.4246994856,157404687000.0,67.47934541282724,13.495869082565449,1.058215107868583,1.6015625,0.059951936745976965,0.130068791073346,1675390.4062361321,1458935.851494336,28788.368599709,67.31620000000001,1.058215107868583,1.6015625,2474.344718207712,4824.712121212121,1.759105467915905,2.93610774238846,4.097167589420901,0.10476190476190476,25.782085950129318,5
US.ARM,2026-05-09,3824035.0,609323.0,4808,1081,11350,1261.111111111111,71.31711111111112,-0.30386777577777774,226919280000.0,116.35159531234584,12.927955034705093,0.699774867386155,2.128712871287129,0.03131129781252598,0.07895078724107685,1248813.280632019,863177.159057174,36535.397839107995,71.31711111111112,0.699774867386155,2.128712871287129,948.0564786161023,1755.1067615658362,0.23725634074047314,0.43858636688903757,2.1873319733641186,0.05304552525579334,26.147860196479773,9
US.ASML,2026-05-09,1078942.0,444374.0,718,274,2060,686.6666666666666,53.57266666666666,-0.14514195766666668,613592631033.3,38.33660886827302,12.778869622757673,1.0114190743287161,2.560747663551402,0.007580044692612142,0.017618949275868535,162106.97786452202,735313.451524486,1813.816486672,53.57266666666666,1.0114190743287161,2.560747663551402,1528.7261084517365,1882.9406779661017,0.2340073657099716,0.29781732365262364,2.775795715139943,0.09126984126984128,27.142597077530834,3
US.AVGO,2026-05-09,22106443.0,1865243.0,18987,3092,53057,1768.5666666666666,50.218666666666664,-0.3016580347,2035907319120.0,400.8271851910814,13.360906173036048,1.0873944274325928,5.789237668161435,0.03422526217520258,0.20379119601328904,6645430.577296398,11004886.649523923,129239.891241266,50.218666666666664,1.0873944274325928,5.789237668161435,1583.2318472743386,4350.436170212766,0.21899693755768473,0.4769315728701241,1.4022197353110857,0.05482427721401945,28.341962692520298,30
US.AXP,2026-05-09,613974.0,613974.0,553,553,1680,1680.0,31.506,-0.272015802,215635625781.29,13.327709489687958,13.327709489687958,0.32916666666666666,0.32916666666666666,0.011564114618413262,0.011564114618413262,167010.63001714798,387734.31003200397,3424.45840422,31.506,0.32916666666666666,0.32916666666666666,1110.260397830018,1110.260397830018,0.03720930232558143,0.03720930232558143,0.10587604004476557,0.007462686567164179,26.096855902508196,1
US.BA,2026-05-09,3075569.0,928161.0,3494,807,13496,2249.3333333333335,34.06283333333334,-0.3555701915,187111441286.16,78.36940639852716,13.06156773308786,3.359818551718309,18.34090909090909,0.07725662718869089,0.3704585669638753,1106528.322699664,1263567.4570165481,36434.632902467005,34.06283333333334,3.359818551718309,18.34090909090909,941.7832835322274,1473.2714285714285,0.15700676205772354,0.41211435041041605,0.5678107687374497,0.03043380357869234,25.95497021900974,6
US.BABA,2026-05-09,3348117.0,1493405.0,6597,1758,32958,6591.6,59.1028,-0.43661513420000003,336010766944.58,66.10724437691096,13.22144887538219,0.21965950604397264,0.3566729323308271,0.008641617976659844,0.016148811564834362,1505414.570501575,474134.758586842,74912.987082756,59.1028,0.21965950604397264,0.3566729323308271,669.386569585886,1543.9260869565217,0.287853568193312,0.3912516139129073,3.044399392830777,0.08257880617035547,26.540409040877094,5
US.BAC,2026-05-09,5989114.0,1691192.0,141947,42884,179431,22428.875,29.598374999999997,-0.3497891855,364126066302.81,106.63555233725153,13.32944404215644,25.46375463657426,181.93548387096774,0.2792630005546235,2.0924676696361773,1999298.382625289,210052.308658369,752654.292427937,29.598374999999997,25.46375463657426,181.93548387096774,61.41645269675153,131.08260325406758,1.6768923083998502,2.8695652173913038,1.4383175394289105,0.08754960317460317,26.62076598062216,8
US.BKNG,2026-05-09,2890996.0,1103135.0,3660,1284,1465,488.3333333333333,39.516,-0.5042365093333333,128575578885.48,41.28927795590417,13.763092651968057,394.1389020243644,1179.0,22.209346637771137,66.48195021997228,1477159.7971196899,659414.613855061,51195.714800812,39.516,394.1389020243644,1179.0,795.8442357518808,935.6530958439355,0.3425018863049134,0.48912536171007176,0.4242847963299881,0.02253968253968254,25.57978273092259,3
US.BSX,2026-05-09,8760454.0,4997880.0,2823,1023,7905,2635.0,81.26466666666666,-0.8975089063333334,80159134803.47,43.7101233906602,14.570041130220067,0.9305069645153047,1.4335664335664335,0.7249619546244931,1.1357042353377471,8235741.369912586,175232.08945065,87735.347603246,81.26466666666666,0.9305069645153047,1.4335664335664335,3180.215293155385,5099.877551020408,0.1816246828186582,0.48240635641316687,0.805280496654114,0.023809523809523808,25.107279680867308,3
US.C,2026-05-09,4478044.0,2229147.0,26988,8872,21528,3588.0,32.26833333333334,-0.3815863036666667,214135186700.25,79.52754004312042,13.254590007186737,891.4268131861382,5344.0,6.321449502009506,37.84699322978893,1459613.4279093898,532095.5717513299,137082.071100908,32.26833333333334,891.4268131861382,5344.0,218.11977624522146,392.1248593925759,0.8604619954320806,1.5324995596265631,0.9537769668635369,0.0582010582010582,26.08987336607849,6
US.CAH,2026-05-09,361267.0,361267.0,1151,1151,1073,1073.0,23.497,-0.576144711,43011905270.75,12.797375344157075,12.797375344157075,1.0726933830382106,1.0726933830382106,0.018333173057771008,0.018333173057771008,208142.07130883698,35811.064634769995,23909.361394722997,23.497,1.0726933830382106,1.0726933830382106,313.87228496959165,313.87228496959165,0.5968090211132437,0.5968090211132437,1.6556656956160278,0.125,24.484742781104323,1
US.CAR,2026-05-09,4560918.0,1236895.0,3547,1581,13084,1869.142857142857,47.47571428571428,-0.4136457,5148616709.5,93.070736367477,13.295819481068142,0.4667043874174998,1.3658536585365855,0.0680326365061248,0.3150663096682425,1901723.336408221,341642.292036054,64597.948925135,47.47571428571428,0.4667043874174998,1.3658536585365855,1663.8980794248369,3362.066964285714,0.5659526017623961,1.202058525224447,1.8420690647469222,0.07639146567717996,22.36199391563973,7
US.CAT,2026-05-09,3044901.0,1287327.0,1112,548,930,310.0,39.35033333333333,-0.37371039300000003,413358275143.35,41.28042471512334,13.760141571707779,1.2006640848370786,1.2840909090909092,0.04514402794504046,0.07704563181539614,1096804.101949723,4319186.130470253,9647.943355107,39.35033333333333,1.2006640848370786,1.2840909090909092,3393.3071409223776,5384.712389380531,0.1643293766063872,0.3744522487235888,1.031808400796203,0.048849064536472565,26.747580548147983,3
US.CAVA,2026-05-09,330029.0,330029.0,2152,2152,2,2.0,54.21,-0.324416614,9243143210.2,12.70693883840159,12.70693883840159,1076.0,1076.0,20.782682619647353,20.782682619647353,107066.890701806,13041.914076891,19934.224861586,54.21,1076.0,1076.0,153.35920074349443,153.35920074349443,1.5836705965159246,1.5836705965159246,3.9362625586515776,0.125,22.947147839126114,1
US.CCL,2026-05-09,4382890.0,3133860.0,28056,15286,13047,4349.0,56.54233333333334,-0.41483308066666663,37671058096.62,41.60708125145301,13.86902708381767,6.720540471907435,15.689895470383275,0.42732861458284654,0.9885286868681532,1584198.346544534,206142.73980722603,291557.75731862197,56.54233333333334,6.720540471907435,15.689895470383275,143.92503983131152,205.01504644772996,0.28974581231041774,0.6411430664956951,1.7538467557518762,0.05564848172928461,24.352157946857425,3
US.CEG,2026-05-09,4232888.0,708261.0,4134,1358,10621,1327.625,59.4145,-0.350763753625,110003531259.36,105.26149750058275,13.157687187572844,2.8210110888128574,9.016949152542374,0.08873338175377896,0.23100149211490123,1565737.9803297191,1703372.217708761,30867.53702722,59.4145,2.8210110888128574,9.016949152542374,1496.7785952203328,2754.655172413793,0.32509546090473485,0.7130872483221478,2.2006982373987123,0.05527566176839475,25.423778304590467,8
US.CENX,2026-05-09,376233.0,376233.0,626,626,757,757.0,72.639,-0.476516539,5830561108.77,12.837966569224069,12.837966569224069,0.8269484808454426,0.8269484808454426,0.08436687897060806,0.08436687897060806,179281.247017587,29339.915740278,10571.359091865,72.639,0.8269484808454426,0.8269484808454426,601.0111821086261,601.0111821086261,0.048275862068965406,0.048275862068965406,0.8668293953867033,0.024390243902439025,22.486379077921104,1
US.CME,2026-05-09,956450.0,602400.0,401,201,723,361.5,23.4015,-0.6334760595,101913566343.75,26.085874865028757,13.042937432514378,0.5575050756736804,0.5982142857142857,0.04640550018456995,0.05534539190353144,630448.65760005,561710.7405828999,9769.41148445,23.4015,0.5575050756736804,0.5982142857142857,2386.7213930348257,3012.0,0.02634819884896859,0.05269639769793718,0.0661336857201078,0.007462686567164179,25.347390902216894,2
US.COF,2026-05-09,1555398.0,877639.0,859,437,351,175.5,16.99,-0.411145703,117912036522.84,27.11154028771101,13.555770143855504,211.62428571428572,422.0,17.95087977622968,35.76942157483639,557315.4010391539,79438.838548069,12087.053697668001,16.99,211.62428571428572,422.0,1807.1956060819678,2008.3272311212816,0.05946684051855216,0.060212799115934405,0.3528732798830415,0.08522727272727273,25.49320473023589,2
US.COHR,2026-05-09,8290242.0,1441237.0,5643,1353,2291,229.1,88.92670000000001,-0.3111504749,65590038758.46,135.20265684960435,13.520265684960435,4.945086392836137,16.705882352941178,0.26979104207831267,0.8571761882983024,2672462.226884049,2896877.192970215,48993.916063539,88.92670000000001,4.945086392836137,16.705882352941178,1875.9505869697591,4709.924836601307,0.3506759903491371,0.5173580250189035,4.4852003109526155,0.08680460741186714,24.90668967318739,10
US.COIN,2026-05-09,14391995.0,1512607.0,22072,4507,48147,2674.8333333333335,71.54311111111112,-0.2890976442777778,52997767688.56,242.6064866193407,13.478138145518928,1.0306693794376505,6.943502824858757,0.04345594354369437,0.21845860381468896,4163644.346601083,2065816.1027966398,170263.399755096,71.54311111111112,1.0306693794376505,6.943502824858757,1067.7727807806978,2434.2156862745096,0.6370458200719797,1.051383399209486,2.9148083654580232,0.0715678800584461,24.693515630546596,18
US.CRCL,2026-05-09,7546526.0,1356171.0,11888,3124,21369,1780.75,118.36708333333333,-0.37719507174999994,28100408441.4,158.66592400038613,13.22216033336551,4.220411255196095,20.205882352941178,0.3064629370273761,1.5301077939753363,3053844.399208871,673053.035423579,116776.42860781601,118.36708333333333,4.220411255196095,20.205882352941178,892.9555259473224,1850.1650750341064,0.27388379942928975,0.4556217263399584,6.7651239204868,0.09347903340440654,24.0590499484972,12
US.CRM,2026-05-09,18081828.0,7620290.0,13482,5150,20276,2896.5714285714284,62.14142857142857,-0.5342446367142857,148738531734.08,99.2306682786129,14.175809754087556,1.1439960400523257,2.769018743109151,0.16838889246565053,0.5398615692557934,8952902.824769897,4278675.378408246,178278.465020044,62.14142857142857,1.1439960400523257,2.769018743109151,1983.5601045734554,4888.25,0.2270782264888202,1.0931174089068825,2.347344734077893,0.06250634582191085,25.725455780820685,7
US.CRWD,2026-05-09,374736.0,374736.0,559,559,159,159.0,48.362,-0.196738537,134336739688.17,12.833979725569943,12.833979725569943,3.5157232704402515,3.5157232704402515,0.04465638798490337,0.04465638798490337,73725.012401232,75629.730285168,2950.1833577279995,48.362,3.5157232704402515,3.5157232704402515,670.3685152057245,670.3685152057245,1.1486063807604086,1.1486063807604086,3.473063166261542,0.125,25.623615467391108,1
US.CRWV,2026-05-09,34436874.0,5446142.0,84987,23478,131377,4105.53125,91.58478125,-0.374666822375,61979688985.8,434.98602366081263,13.593313239400395,3.1314978946222136,23.38095238095238,0.22450790978685242,2.489471747700394,12848608.966623316,3937470.353808119,490526.414486634,91.58478125,3.1314978946222136,23.38095238095238,919.8102005728141,3010.3093220338983,0.5907845338997595,1.0751265341228624,3.707339466078606,0.06914762121660098,24.85007257133279,32
US.CSCO,2026-05-09,745347.0,392391.0,4423,3238,3761,1880.5,69.196,-0.3122117265,381441171065.94,25.654118134570147,12.827059067285074,1.6683372494732944,2.341897233201581,0.04235744705348613,0.07223169741910372,228827.674882758,33518.328441075006,27290.135082453,69.196,1.6683372494732944,2.341897233201581,209.51815114815366,297.85316455696204,0.21146004921681535,0.3209978447287568,5.0488025403268395,0.125,26.667222471499592,2
US.CVNA,2026-05-09,1371020.0,853929.0,17730,16605,0,0.0,68.318,-0.24333507399999998,55827516726.9,26.81358058956736,13.40679029478368,8865.0,16605.0,685510.0,853929.0,295305.390318578,69724.044145793,34645.64864326,68.318,8865.0,16605.0,255.53123035230354,459.63644444444446,0.8708624708624707,1.487179487179487,2.951444787383223,0.0744047619047619,24.745532716108755,2
US.CVX,2026-05-09,405894.0,405894.0,1097,1097,4150,4150.0,29.305,-0.321236732,361713980085.84,12.913849784446118,12.913849784446118,0.26433734939759035,0.26433734939759035,0.005385187927129728,0.005385187927129728,130388.06209840802,88321.376790312,8195.646043248,29.305,0.26433734939759035,0.26433734939759035,370.00364630811305,370.00364630811305,0.10810810810810807,0.10810810810810807,0.33479202585872125,0.023809523809523808,26.614119626213213,1
US.DAL,2026-05-09,402329.0,402329.0,1071,1071,1245,1245.0,42.471,-0.430254135,48177394952.2,12.905027926373096,12.905027926373096,0.8602409638554217,0.8602409638554217,0.04406870629935534,0.04406870629935534,173103.715880415,38778.247716509,15235.499982198,42.471,0.8602409638554217,0.8602409638554217,375.65732959850607,375.65732959850607,0.09932885906040272,0.09932885906040272,0.4899702307699706,0.023809523809523808,24.598155763621953,1
US.DDOG,2026-05-09,2082607.0,924860.0,1992,834,386,128.66666666666666,63.61233333333333,-0.30838471233333337,71248991430.24,40.20971388134873,13.403237960449578,7.139920104050539,12.7,0.5071674161506915,1.1551508792965628,654446.782496493,568082.556063436,19200.053082123002,63.61233333333333,7.139920104050539,12.7,1151.5608926983186,1820.5905511811025,0.41373895470407995,0.7143755214941306,1.9318064670104356,0.052747828691224914,24.989446500643965,3
US.DELL,2026-05-09,3129525.0,669662.0,5670,1994,207,29.571428571428573,69.76471428571429,-0.34072278542857143,168191641547.46,90.79318221168771,12.970454601669672,263.9554845703215,669.0,193222.29011593712,669662.0,1117525.152326999,379012.809528737,42199.987052558005,69.76471428571429,263.9554845703215,669.0,769.9355846226956,1652.1958333333334,0.3044063945837709,0.4711199903650649,5.058720942628502,0.125,25.84836988972172,7
US.DHR,2026-05-09,14417190.0,6370200.0,3621,1860,1293,431.0,0.0,0.0,121142020517.32,45.96005516024526,15.320018386748421,3.20220581863356,4.675324675324675,0.8663982377607636,1.611160515110036,0.0,0.0,0.0,0.0,3.20220581863356,4.675324675324675,4232.842672856173,5898.333333333333,0.04239963247958656,0.05738222298731847,0.0,0.057539682539682536,25.52022941756038,3
US.DIS,2026-05-09,340141.0,340141.0,783,783,4826,4826.0,24.417,-0.557609356,187577964020.48,12.73711845646091,12.73711845646091,0.16224616659759636,0.16224616659759636,0.006524804350439931,0.006524804350439931,189665.80395919597,48370.047167811004,15543.026332452999,24.417,0.16224616659759636,0.16224616659759636,434.4074074074074,434.4074074074074,0.12428078250863052,0.12428078250863052,0.26317230601541053,0.023809523809523808,25.9574604040472,1
US.DPZ,2026-05-09,613505.0,613505.0,1533,1533,27,27.0,35.944,-0.149926692,10759549707.6,13.32694532303638,13.32694532303638,56.77777777777778,56.77777777777778,0.7024362373997591,0.7024362373997591,91980.77517546,202309.46217493498,2814.48977079,35.944,56.77777777777778,56.77777777777778,400.1989562948467,400.1989562948467,0.3645721638430193,0.3645721638430193,0.24318801808176382,0.014084507042253521,23.09905954216125,1
US.EA,2026-05-09,1063475.0,1063475.0,4041,4041,2703,2703.0,27.352,-0.10361467,50160854233.72,13.877053346372021,13.877053346372021,1.495005549389567,1.495005549389567,0.019628939898630706,0.019628939898630706,110191.61117825001,205509.591813925,6527.765880825,27.352,1.495005549389567,1.495005549389567,263.17124474140064,263.17124474140064,0.6269592476489028,0.6269592476489028,0.12052678853100453,0.009433962264150943,24.638500763323833,1
US.ELF,2026-05-09,390660.0,390660.0,583,583,73,73.0,74.344,-0.253658067,3593919265.54,12.875595455226332,12.875595455226332,7.986301369863014,7.986301369863014,0.8793143032065509,0.8793143032065509,99094.06045422,55795.883628899996,3797.5902336000004,74.344,7.986301369863014,7.986301369863014,670.0857632933105,670.0857632933105,0.028464419475655357,0.028464419475655357,0.1769339140406876,0.005076142131979695,22.00250916165536,1
US.ENPH,2026-05-09,545210.0,545210.0,1019,1019,4268,4268.0,73.061,-0.368310422,4804045119.0,13.208928154683152,13.208928154683152,0.2387535145267104,0.2387535145267104,0.035046275405191014,0.035046275405191014,200806.52517862,45094.18715917999,12919.659269860002,73.061,0.2387535145267104,0.2387535145267104,535.0441609421001,535.0441609421001,0.05357142857142854,0.05357142857142854,0.25764140187666856,0.007518796992481203,22.29272413329323,1
US.EOG,2026-05-09,362670.0,362670.0,709,709,476,476.0,33.84,-0.291071243,69257687755.9,12.801251366187945,12.801251366187945,1.4894957983193278,1.4894957983193278,0.05859507534460373,0.05859507534460373,105562.80769881,97377.0727083,4730.54199618,33.84,1.4894957983193278,1.4894957983193278,511.52327221438645,511.52327221438645,0.04117647058823529,0.04117647058823529,0.11405903951981615,0.007462686567164179,24.961099990392274,1
US.ETN,2026-05-09,700755.0,386331.0,704,456,342,171.0,35.723,-0.437181372,155906333000.0,25.5229532353121,12.76147661765605,10.751136363636363,20.727272727272727,0.23091672685611817,0.43736146048666286,311235.445039101,244725.41364476696,10267.599709224,35.723,10.751136363636363,20.727272727272727,1057.5279074702885,1267.8387096774193,0.12188045828458485,0.13737793784576546,1.500763265876565,0.0744047619047619,25.772521234385213,2
US.EXPE,2026-05-09,2601457.0,2601457.0,2060,2060,2038,2038.0,46.056,-0.460617748,27602677268.46,14.77158261505017,14.77158261505017,1.0107948969578018,1.0107948969578018,0.055503759724466376,0.055503759724466376,1198277.264858836,794734.9235929309,29284.336100385997,46.056,1.0107948969578018,1.0107948969578018,1262.843203883495,1262.843203883495,0.4800000000000001,0.4800000000000001,0.5317827397479268,0.023809523809523808,24.041178607481744,1
US.FBIN,2026-05-09,2553531.0,2553531.0,88053,88053,89874,89874.0,55.261,-0.132337919,4530763977.66,14.752988056810384,14.752988056810384,0.9797383002870685,0.9797383002870685,0.007480869917902617,0.007480869917902617,337928.978641989,28741.183903977,188285.02451055302,55.261,0.9797383002870685,0.9797383002870685,28.99993185922115,28.99993185922115,0.8571428571428572,0.8571428571428572,3.881959051543574,0.125,22.234156410932574,1
US.FCX,2026-05-09,1000974.0,363255.0,3221,1761,16325,5441.666666666667,50.492,-0.549091452,88603479009.9,38.147574827382165,12.715858275794055,1.2536726953196806,3.439453125,0.04866461388982835,0.1027850643755069,541476.503572433,60773.856577,53529.76966776801,50.492,1.2536726953196806,3.439453125,498.67620640159566,994.5396825396825,0.11110681817165158,0.16502888005400942,1.622709647660642,0.057539682539682536,25.207436960275253,3
US.FLEX,2026-05-09,1424396.0,1424396.0,2633,2633,23,23.0,63.737,-0.22072173,52272201775.08,14.169259124233584,14.169259124233584,114.47826086956522,114.47826086956522,4.3560709621977365,4.3560709621977365,314395.14932508,262988.643558032,10668.271657676,63.737,114.47826086956522,114.47826086956522,540.9783516900874,540.9783516900874,0.0680546103526339,0.0680546103526339,0.4385675835110692,0.014084507042253521,24.67973055191552,1
US.FLR,2026-05-09,3359618.0,3359618.0,4023,4023,5033,5033.0,79.661,-0.95659327,6049103195.76,15.027338132652789,15.027338132652789,0.7993244585734155,0.7993244585734155,0.15412560178325246,0.15412560178325246,3213787.96857086,18386.215024780002,70801.7655983,79.661,0.7993244585734155,0.7993244585734155,835.1026597066866,835.1026597066866,0.6114412894073911,0.6114412894073911,4.6352138154588856,0.125,22.523175866061226,1
US.FOUR,2026-05-09,486252.0,486252.0,1041,1041,275,275.0,65.478,-0.550759505,3377825583.92,13.09448434356157,13.09448434356157,3.7854545454545456,3.7854545454545456,0.41526282078654086,0.41526282078654086,267807.91082526004,27432.491541156,20732.976642924,65.478,3.7854545454545456,3.7854545454545456,467.1008645533141,467.1008645533141,0.36901408450704226,0.36901408450704226,0.7598723898522558,0.023809523809523808,21.94049802135247,1
US.FSLR,2026-05-09,372765.0,372765.0,545,545,526,526.0,50.555,-0.418921667,23634367191.85,12.828706155917706,12.828706155917706,1.0361216730038023,1.0361216730038023,0.03221999123547782,0.03221999123547782,156159.335199255,44191.99378479,9499.70056683,50.555,1.0361216730038023,1.0361216730038023,683.9724770642201,683.9724770642201,0.529006105877704,0.529006105877704,3.698662507992492,0.125,23.88596772667832,1
US.FTNT,2026-05-09,350407.0,350407.0,638,638,217,217.0,37.267,-0.366626987,83510880501.29,12.766853468833977,12.766853468833977,2.9400921658986174,2.9400921658986174,0.1415603403036134,0.1415603403036134,128468.662633709,65747.045168791,7143.630473062,37.267,2.9400921658986174,2.9400921658986174,549.2272727272727,549.2272727272727,0.37768935050920616,0.37768935050920616,0.2460737556049852,0.014084507042253521,25.148242765730853,1
US.GDX,2026-05-09,356449.0,356449.0,1600,1600,10317,10317.0,47.384,-0.218491706,,12.783949256545775,12.783949256545775,0.15508384220219057,0.15508384220219057,0.0036525716559049994,0.0036525716559049994,77881.15011199401,33257.380715917,7019.719470274999,47.384,0.15508384220219057,0.15508384220219057,222.780625,222.780625,0.19423278051695803,0.19423278051695803,0.5599704670641711,0.023809523809523808,0.0,1
US.GE,2026-05-09,1103994.0,1103994.0,1298,1298,1782,1782.0,37.13,-0.387177013,310027659380.25,13.914445976823414,13.914445976823414,0.7283950617283951,0.7283950617283951,0.020848906361273855,0.020848906361273855,427441.09928992204,420022.381049262,11503.710215496,37.13,0.7283950617283951,0.7283950617283951,850.5346687211094,850.5346687211094,0.30541310541310535,0.30541310541310535,0.427649469977199,0.023809523809523808,26.45992735425588,1
US.GEV,2026-05-09,5743909.0,2629284.0,2084,940,579,144.75,50.1745,-0.33167563475,279509102799.25,56.29693378252009,14.074233445630023,237.262866308937,940.0,213615.09170405797,854460.0,1961285.330532621,6508063.194281168,13417.581445167,50.1745,237.262866308937,940.0,3432.372608753555,4888.2015209125475,0.14923152799140554,0.32970913242305877,1.2628194125896994,0.04572350771294433,26.35630069716955,4
US.GILD,2026-05-09,384859.0,384859.0,2376,2376,6352,6352.0,29.178,-0.386129107,163055371552.42,12.86063491077455,12.86063491077455,0.37405541561712846,0.37405541561712846,0.004613464821538067,0.004613464821538067,148605.26199091302,26589.573097811,27975.56235078,29.178,0.37405541561712846,0.37405541561712846,161.9776936026936,161.9776936026936,0.5848500444486034,0.5848500444486034,2.1202840319495126,0.125,25.817355682848966,1
US.GLD,2026-05-09,13908325.0,2244383.0,26978,7141,68839,4302.4375,21.8419375,-0.300329410625,,215.9079585286771,13.49424740804232,28.956323404265014,223.0,26829.886970005697,429275.0,4948037.67151219,5799979.3001188105,131234.81041621,21.8419375,28.956323404265014,223.0,1664.740264911106,6478.817391304347,0.08092891984386043,0.29018684808718503,0.282909035751977,0.03852773003739514,0.0,16
US.GLW,2026-05-09,327539.0,327539.0,257,257,1388,1388.0,72.553,-0.385124527,160887635005.5,12.699365464003858,12.699365464003858,0.1851585014409222,0.1851585014409222,0.012623253804870123,0.012623253804870123,126143.302449053,78338.859624077,2764.4746879209997,72.553,0.1851585014409222,0.1851585014409222,1274.4708171206225,1274.4708171206225,0.21999999999999997,0.21999999999999997,0.8600711992516682,0.023809523809523808,25.803972039057598,1
US.GOOG,2026-05-09,7975776.0,1555445.0,11657,2097,13024,1001.8461538461538,31.836769230769228,-0.30611327746153844,4810657800000.0,172.3634464197637,13.25872664767413,1.858645189081893,6.546728971962617,0.038963937918531075,0.09295240432376813,2504545.862937809,3733585.28755174,87530.462262556,31.836769230769228,1.858645189081893,6.546728971962617,956.6735414004494,2082.0687022900765,0.17244463706849247,0.42823529411764705,0.8079290899423646,0.05053901388597824,29.20185494745283,13
US.GOOGL,2026-05-09,8149346.0,801796.0,13097,2813,15278,898.7058823529412,31.096411764705884,-0.3335075471176471,4855038708000.0,221.7114653936759,13.041850905510346,3.8075293384118187,22.263157894736842,0.07962534783469588,0.5581439972138551,2713545.950871861,4325624.713177705,126580.606711369,31.096411764705884,3.8075293384118187,22.263157894736842,1206.8675086046567,2960.1470588235293,0.21285047247020247,0.6578947368421053,1.0544859687080181,0.06939907564497481,29.211038190451795,17
US.GPN,2026-05-09,1980560.0,1620982.0,4889,3028,3833,1916.5,39.911500000000004,-0.533402652,18916326736.89,27.09123249496345,13.545616247481725,3.632117536298206,6.713968957871397,0.2674169846595898,0.5194674262106113,1012606.6164170279,163003.2178914,108179.94726128201,39.911500000000004,3.632117536298206,6.713968957871397,364.2742682127831,535.3309114927345,0.10285958173282107,0.12121212121212106,1.6868831625601748,0.0744047619047619,23.66329123467518,2
US.GS,2026-05-09,3451060.0,1615518.0,923,353,409,136.33333333333334,32.729,-0.3072537893333333,276268549618.08,41.462239279463304,13.820746426487768,15.657959101844426,43.4,0.37900841925513307,0.9732188621219887,1035557.9409666259,6623162.59463135,7090.7369219619995,32.729,15.657959101844426,43.4,3528.4796978281397,4576.5382436260625,0.03242022439651492,0.05338345309759336,0.2090039595419362,0.013804434617038265,26.344639235466424,3
US.HIMS,2026-05-09,740981.0,423395.0,2774,2159,8207,4103.5,118.787,-0.435862689,6532378046.37,25.624570265834603,12.812285132917301,0.7543456032719836,1.4166666666666667,0.05754151288688616,0.09827316642016848,315786.918752615,18242.45280731,42871.700589314,118.787,0.7543456032719836,1.4166666666666667,356.2534969893469,516.4,0.3343247992486135,0.48653908530651957,5.740469046198385,0.0744047619047619,22.600036886584704,2
US.HOOD,2026-05-09,6956342.0,2998700.0,13092,4493,51469,6433.625,83.898125,-0.487288178875,69365904540.71,106.89728442733654,13.362160553417068,1.0676517401812715,6.94435857805255,0.037448114485799266,0.11629022675482625,4376625.514542809,346437.6638813,162905.471510528,83.898125,1.0676517401812715,6.94435857805255,1198.7038108850918,6380.212765957447,0.3202897256540567,0.6615969581749049,4.169774970935445,0.07854627766599598,24.962661294712824,8
US.HPQ,2026-05-09,1008000.0,1008000.0,3200,3200,4,4.0,53.442,-0.377634969,20741998513.32,13.82347971967645,13.82347971967645,800.0,800.0,111.11111111111111,111.11111111111111,380656.048752,63542.524752000005,43824.714192,53.442,800.0,800.0,315.0,315.0,0.0,0.0,0.12190615664443183,0.005076142131979695,23.7554263954873,1
US.HUM,2026-05-09,490050.0,490050.0,1092,1092,1099,1099.0,46.867,-0.166164875,33012110040.0,13.102264746303344,13.102264746303344,0.9936305732484076,0.9936305732484076,0.016217099524179282,0.016217099524179282,81429.09699374999,112437.3023235,2835.2342601,46.867,0.9936305732484076,0.9936305732484076,448.7637362637363,448.7637362637363,0.03571386054927916,0.03571386054927916,0.5543736072367704,0.023809523809523808,24.22014030203492,1
US.INTC,2026-05-09,180979132.0,15421346.0,572707,75642,340024,3119.4862385321103,98.52650458715596,-0.25913328378899086,627722270000.0,1508.0682808699864,13.835488815320977,38.91884101354931,1169.0,23318.248025282002,956621.0,47355989.99153008,19328035.96366046,2022562.708052051,98.52650458715596,38.91884101354931,1169.0,770.1155933266249,2604.057926829268,0.3109754658276693,0.948509485094851,3.350069959022221,0.05814506096904262,27.165363660374013,109
US.INTU,2026-05-09,3502062.0,1367746.0,2122,1236,531,132.75,62.884,-0.3315403565,109599530500.0,54.550865676186184,13.637716419046546,10.895667706732729,22.384615384615383,0.6201888438456635,1.4305293253338975,1182154.3758384408,1945711.553242615,14608.939665222002,62.884,10.895667706732729,22.384615384615383,2479.0345666911626,4499.164473684211,0.3022756068258332,0.5063906121533747,1.1673284868756515,0.033417101432657456,25.42009892770115,4
US.JBL,2026-05-09,2346480.0,1992032.0,4542,2272,210,105.0,52.4765,-0.230508689,37469256203.3,27.282986033261313,13.641493016630656,384.1497584541063,757.3333333333334,1.7988550799451277,3.3267445680229013,757174.4185597759,560410.1900249921,22617.519184384,52.4765,384.1497584541063,757.3333333333334,516.7770894086989,877.5471365638766,0.331706818743265,0.5134599867967432,1.8550516591846264,0.06666666666666667,24.346786599122638,2
US.JPM,2026-05-09,6410425.0,1812771.0,27986,9535,20802,2971.714285714286,27.465142857142858,-0.28965809985714286,809480399377.8,95.22751990302983,13.603931414718547,1.4703570772113967,3.5862341772151898,0.011678939381721303,0.021967640021956013,1741509.044354552,1461207.274273944,116439.485288575,27.465142857142858,1.4703570772113967,3.5862341772151898,310.3500059249299,665.4812775330397,1.1626053247626065,2.250869654184571,1.247335562478948,0.08163265306122448,27.41965839652673,7
US.KBR,2026-05-09,3300000.0,1700000.0,4000,2000,2835,1417.5,50.2355,-0.7973653195,4125745200.78,28.631654209471378,14.315827104735689,1.7374559967052687,2.4906600249066004,0.4462911180045728,0.6506026494070714,2629264.7612,143259.4922,143076.52400000003,50.2355,1.7374559967052687,2.4906600249066004,825.0,850.0,0.0,0.0,0.3863997313690346,0.015636105188343994,22.14051249539388,2
US.KKR,2026-05-09,408670.0,408670.0,601,601,125,125.0,43.127,-0.35544081,91182701238.2,12.920665710342874,12.920665710342874,4.808,4.808,0.3188997268825595,0.3188997268825595,145257.9958227,83530.19169671,6478.597286939999,43.127,4.808,4.808,679.9833610648918,679.9833610648918,0.04195804195804193,0.04195804195804193,0.18832102980807092,0.009433962264150943,25.236131036640547,1
US.LFUS,2026-05-09,370424.0,370424.0,504,504,0,0.0,54.462,-0.291064178,11557787795.12,12.822406274076934,12.822406274076934,504.0,504.0,370424.0,370424.0,107817.157071472,80329.91897712,3688.55624784,54.462,504.0,504.0,734.968253968254,734.968253968254,0.25611510791366904,0.25611510791366904,3.945323656279014,0.125,23.170625314759974,1
US.LITE,2026-05-09,6392417.0,1835340.0,2198,561,3392,484.57142857142856,94.86,-0.24050373085714286,70315640000.0,95.08529933219228,13.583614190313183,1.5387170751549297,6.461538461538462,0.05215389723442885,0.22437741501693703,1665221.799643998,4764838.747112818,12036.626676429,94.86,1.5387170751549297,6.461538461538462,3064.375890457814,6057.227722772277,0.40760695738574826,0.6545525256699181,4.563413068273452,0.0843121622818673,24.97626008614002,7
US.LLY,2026-05-09,2010783.0,958986.0,1295,640,2437,812.3333333333334,34.92666666666667,-0.24859927666666667,893194636520.7,40.09786071243025,13.365953570810083,0.573152958854993,0.6813353566009105,0.013975689175820316,0.028971594583290093,548547.072914921,2730427.671155538,4666.16153035,34.92666666666667,0.573152958854993,0.6813353566009105,2233.0792307924476,4655.271844660194,0.38960538736141004,0.5161526973563549,0.31720755160842334,0.019017669961066186,27.518070352104527,3
US.LRCX,2026-05-09,2472413.0,878632.0,1950,995,3151,787.75,65.64574999999999,-0.417777453,367730402550.0,53.226320611938974,13.306580152984743,5.544424096776472,18.925925925925927,0.302265031490632,1.1066800178855951,1060851.641541465,742386.438987308,20486.335873477998,65.64574999999999,5.544424096776472,18.925925925925927,1796.7236894193857,2711.1520737327187,0.10624112344966324,0.252711646003528,2.0362958146967416,0.05451839826839827,26.63061590486795,4
US.LYFT,2026-05-09,879107.0,559627.0,10114,5297,7428,3714.0,62.900999999999996,-0.42055056300000004,5483477821.5,25.90948063937435,12.954740319687176,1.4465771655034718,1.8309713100587626,0.09194752108384278,0.1348026173955878,343546.32891469204,17583.930290048,146848.79855767597,62.900999999999996,1.4465771655034718,1.8309713100587626,85.9866197994807,105.64980177458939,0.30699778633516583,0.44333387070772207,2.7079312144036907,0.07619047619047618,22.425005375750413,2
US.MA,2026-05-09,368953.0,368953.0,400,400,1044,1044.0,25.242,-0.322632842,437798128475.4,12.818427254005194,12.818427254005194,0.3831417624521073,0.3831417624521073,0.007132543325764528,0.007132543325764528,119036.35495442599,219216.29761805802,3181.299456218,25.242,0.3831417624521073,0.3831417624521073,922.3825,922.3825,0.21304009491127582,0.21304009491127582,0.2855957811179807,0.023809523809523808,26.805023747189125,1
US.MARA,2026-05-09,310577.0,310577.0,807,807,1121,1121.0,95.548,-0.692252233,4932692596.16,12.64619035653776,12.64619035653776,0.719892952720785,0.719892952720785,0.2141062779285993,0.2141062779285993,214997.62176844102,4694.843742617,26886.159557185998,95.548,0.719892952720785,0.719892952720785,384.8537794299876,384.8537794299876,0.12238945888234994,0.12238945888234994,1.1192582605481776,0.024390243902439025,22.319150841659315,1
US.MCD,2026-05-09,4391939.0,1205000.0,1915,825,2523,504.6,50.7898,-0.8941128328,195921990619.25,67.99169494746361,13.598338989492722,0.9602897556092523,1.1393034825870647,0.1157569325272059,0.18999566399936932,4049345.9351838315,223859.44613902603,40565.47618151,50.7898,0.9602897556092523,1.1393034825870647,3054.7056475921495,4820.0,0.7156059683625495,2.8986369858936967,3.0776941126003368,0.125,26.000982409911565,5
US.MCHP,2026-05-09,1984719.0,1984719.0,4667,4667,212,212.0,61.163,-0.165642875,53621112533.22,14.500988404219314,14.500988404219314,22.014150943396228,22.014150943396228,0.9447857579444644,0.9447857579444644,328754.561227125,295271.732464797,13538.703101649,61.163,22.014150943396228,22.014150943396228,425.2665523891151,425.2665523891151,0.10000000000000009,0.10000000000000009,0.21857932231765073,0.007462686567164179,24.70520871803245,1
US.MCK,2026-05-09,674527.0,373244.0,904,607,1244,622.0,30.327,-0.347571219,88330800000.0,25.44579893995341,12.722899469976705,0.7374012446027522,1.0150501672240804,0.007407628137150502,0.008479314297896265,230301.69945750298,247533.480381493,7968.830694745,30.327,0.7374012446027522,1.0150501672240804,814.660190593469,1014.4208754208754,0.42640743478540577,0.46204620462046203,2.202234988789506,0.125,25.204354694619305,2
US.MELI,2026-05-09,3634409.0,1683718.0,956,346,365,121.66666666666667,39.058,-0.28379285033333335,82764163558.64,41.70729783145838,13.902432610486128,6.434201669436327,12.76,0.17298022582328895,0.34305735917477276,974313.456473108,7520766.852624248,5877.673652101001,39.058,6.434201669436327,12.76,3715.7748222948153,4866.236994219653,1.1850453907835339,2.398870364724571,1.140311543810249,0.05105633802816901,25.139260997398807,3
US.META,2026-05-09,46146767.0,8399340.0,40395,6658,78447,1961.175,26.610750000000003,-0.383383099375,1547498998817.52,545.0462217429924,13.62615554357481,3.8983881386641954,48.955882352941174,0.06854354356670053,0.493964999020621,14370200.329294894,16415802.549006892,506587.744612833,26.610750000000003,3.8983881386641954,48.955882352941174,2067.1627948565188,11999.057142857142,0.43582279902241894,1.229032258064516,1.3671920351003646,0.10122668734648792,28.067661194537923,40
US.MNST,2026-05-09,546320.0,546320.0,399,399,0,0.0,30.37,-0.938629176,84384371640.0,13.210961994062348,13.210961994062348,399.0,399.0,546320.0,546320.0,512791.89143232,17883.5065768,12270.378340239999,30.37,399.0,399.0,1369.2230576441102,1369.2230576441102,0.08322929671244278,0.08322929671244278,0.2628827270563861,0.023809523809523808,25.158648051271886,1
US.MOH,2026-05-09,793833.0,793833.0,1269,1269,938,938.0,45.573,-0.308572219,9687474000.0,13.584629650361434,13.584629650361434,1.3528784648187633,1.3528784648187633,0.04551488856368138,0.04551488856368138,244954.81032542698,172721.424441819,9944.203894893,45.573,1.3528784648187633,1.3528784648187633,625.5579196217494,625.5579196217494,0.8045792050757453,0.8045792050757453,0.5415437138401238,0.024390243902439025,22.994099547854532,1
US.MP,2026-05-09,1149988.0,586738.0,2465,1492,4798,2399.0,67.77199999999999,-0.37046906749999997,12003820563.13,26.523815999903988,13.261907999951994,0.5081450917807143,0.5536178107606679,0.03600364916531813,0.03971995685069294,422721.383259326,123113.748267394,20993.887102278,67.77199999999999,0.5081450917807143,0.5536178107606679,486.06789275588335,578.879753340185,0.4228471601158084,0.47812675266404925,0.5245217456864284,0.015636105188343994,23.20849081640631,2
US.MRK,2026-05-09,717878.0,379479.0,989,552,2707,1353.5,28.6555,-0.7180023950000001,275089043342.7,25.57854108022102,12.78927054011051,218.6019955654102,437.0,17.040943394811606,34.070659005207396,520797.36556357006,75854.573841572,24198.498888147,28.6555,218.6019955654102,437.0,740.7073321891685,868.3729977116705,0.1098268453892986,0.11891414398804068,0.35872908703120554,0.02914614121510673,26.340360676180115,2
US.MRNA,2026-05-09,315175.0,315175.0,495,495,609,609.0,90.913,-0.450446136,21565333176.65,12.660886491934923,12.660886491934923,0.812807881773399,0.812807881773399,0.09522147849718195,0.09522147849718195,141969.3609138,22695.814469825,7564.506034925,90.913,0.812807881773399,0.812807881773399,636.7171717171717,636.7171717171717,0.15549335821227067,0.15549335821227067,1.0796967801741528,0.023809523809523808,23.794352916852674,1
US.MRVL,2026-05-09,9966939.0,2295143.0,10480,2824,8061,732.8181818181819,81.33418181818182,-0.32632980272727274,148744659000.0,149.00596534498138,13.545996849543762,6.7693666685072715,42.149253731343286,0.3473955629100442,2.013511178019267,3104745.908609767,2155996.205785896,88931.19799113,81.33418181818182,6.7693666685072715,42.149253731343286,1256.0723307825667,2488.688,0.11488709379225968,0.28797774421056066,1.9771632713556626,0.04566732788633792,25.72549697485189,11
US.MSFT,2026-05-09,39395879.0,5241250.0,48914,8821,156897,3922.425,24.22265,-0.331487164875,3083246108242.24,539.9430162684966,13.498575406712416,3.2927543454672956,91.88541666666667,0.05647243087499113,0.46317908212448705,8520285.595038986,10801680.793393979,348224.196121515,24.22265,3.2927543454672956,91.88541666666667,1790.977887392776,9502.5,0.24443035781279043,1.11731843575419,0.9115222147887915,0.07944776464844872,28.757004089166216,40
US.MSTR,2026-05-09,12980991.0,2104079.0,29899,5583,41871,2990.785714285714,67.37807142857143,-0.26594893114285717,65740516308.48,189.71421219103442,13.551015156502459,1.1854496283190357,5.734513274336283,0.0360990277025587,0.18841504750286234,3601644.045764437,1467502.10758479,213629.991312977,67.37807142857143,1.1854496283190357,5.734513274336283,631.1788944392971,1075.8415492957747,0.42718345503735344,0.6678832116788321,2.969413260440907,0.08011887663966806,24.908981258961806,14
US.MU,2026-05-09,332021750.0,23516104.0,173092,21305,107943,836.7674418604652,91.38726356589147,-0.21520025213178295,842180511946.29,1836.6162818038054,14.237335517858956,22.38020401790288,439.42857142857144,1.5724761650217065,58.27943598602017,98056255.53196186,213763682.04013303,746637.831940917,91.38726356589147,22.38020401790288,439.42857142857144,3340.7317530330156,43522.5,0.24680330241372536,0.7999999999999999,3.493991825710674,0.06772193090400398,27.459260212947115,129
US.MXL,2026-05-09,2007857.0,1572690.0,1047,553,1,0.5,174.576,-0.6229299305,8939373086.97,27.251786165228538,13.625893082614269,523.5,553.0,786366.7954021837,1572690.0,1436908.3298767419,82817.607915111,26822.760065876002,174.576,523.5,553.0,1862.4144544662533,2843.9240506329115,0.1671206523554281,0.1963038329076608,13.94373079477717,0.14285714285714285,22.913731299284862,2
US.NFLX,2026-05-09,15746871.0,4703872.0,27784,4722,164056,9114.222222222223,25.65372222222222,-0.42994586772222226,368402763214.72,239.31230666534807,13.295128148074893,0.2931559880972621,1.1019836639439906,0.02601526234572827,0.14098825283648303,7365783.792082641,957185.108349109,402818.153505724,25.65372222222222,0.2931559880972621,1.1019836639439906,871.6820585126533,2585.0,0.11661481693571751,0.45801526717557256,0.6686204166811538,0.05781318037968464,26.632442641884992,18
US.NKE,2026-05-09,358244.0,358244.0,3196,3196,556,556.0,33.849,-0.460328538,65366353636.62,12.788972388858898,12.788972388858898,5.748201438848921,5.748201438848921,0.14597275509904717,0.14597275509904717,164909.936767272,12244.367222911998,48929.206618212,33.849,5.748201438848921,5.748201438848921,112.09136420525657,112.09136420525657,0.35602094240837695,0.35602094240837695,1.1835396851292355,0.06666666666666667,24.903273492651493,1
US.NOW,2026-05-09,4017471.0,1283492.0,3195,1178,19703,3940.6,97.4072,-0.6498708594,94034663440.0,67.47213613910496,13.494427227820992,0.33174003369454275,0.5734024179620034,0.08319153675999018,0.2431168244710211,2766090.904477897,333246.37080444203,74076.33216718,97.4072,0.33174003369454275,0.5734024179620034,1844.0065043576215,3865.9397590361446,0.162138896120451,0.4981554783638958,5.135418289836308,0.07877358490566037,25.26692931125179,5
US.NVDA,2026-05-09,128052908.0,7475169.0,303439,34877,722312,7151.60396039604,42.82013861386138,-0.36952830517821783,5229773100000.0,1388.4611621101558,13.747140218912433,4.0760979909509585,110.46153846153847,0.10075315764445675,1.9356784505448412,49968751.080630235,29802938.401810877,2837793.653329847,42.82013861386138,4.0760979909509585,110.46153846153847,867.6194467979061,2510.548780487805,0.16805891500931142,0.5117462217566962,1.2276935055888192,0.057178871920369946,29.28538900874322,101
US.OKTA,2026-05-09,758354.0,758354.0,3120,3120,1,1.0,82.688,-0.208696091,14711566399.9,13.538906892719494,13.538906892719494,3120.0,3120.0,90.38784266984506,90.38784266984506,158265.515394214,43809.877006967996,13093.753056018,82.688,3120.0,3120.0,243.0621794871795,243.0621794871795,0.2832644311743989,0.2832644311743989,1.9505291113547913,0.045454545454545456,23.41189985133586,1
US.ON,2026-05-09,344580.0,344580.0,961,961,1002,1002.0,63.292,-0.121348733,40444409311.2,12.750084465165882,12.750084465165882,0.9590818363273453,0.9590818363273453,0.03332288910550991,0.03332288910550991,41814.34641714,47605.03950522,1605.04778214,63.292,0.9590818363273453,0.9590818363273453,358.5639958376691,358.5639958376691,0.08773212457961697,0.08773212457961697,0.18707125186827098,0.006172839506172839,24.423194258592158,1
US.ONTO,2026-05-09,870216.0,870216.0,409,409,10,10.0,65.475,-0.420246149,14160501217.89,13.676497884816808,13.676497884816808,40.9,40.9,3.0569290757719463,3.0569290757719463,365704.92279818404,324239.189572872,5467.374810263999,65.475,40.9,40.9,2127.667481662592,2127.667481662592,0.018507257488829625,0.018507257488829625,0.7707705389826864,0.023809523809523808,23.373722321399796,1
US.ORCL,2026-05-09,16753740.0,3520355.0,37528,11145,44259,2766.1875,61.474875,-0.3310140438125,563561213700.0,217.86492419693414,13.616557762308384,2.8515695514770942,16.974683544303797,0.13687074353715356,0.8029050293765201,5684973.906229369,3736996.588397007,200316.609557265,61.474875,2.8515695514770942,16.974683544303797,862.0609134560843,2900.636003956479,0.3521334070966387,0.6403310018717367,2.534585049143923,0.07435474894142127,27.057541795761434,16
US.OSK,2026-05-09,351665.0,351665.0,358,358,362,362.0,53.974,-0.733506218,8643707502.57,12.7704371404878,12.7704371404878,0.988950276243094,0.988950276243094,0.07041025413083235,0.07041025413083235,257948.46415297,21973.1263948,11305.57539882,53.974,0.988950276243094,0.988950276243094,982.304469273743,982.304469273743,0.8037129273262392,0.8037129273262392,3.807742459083349,0.125,22.88009743693084,1
US.PANW,2026-05-09,2346206.0,704931.0,7286,4788,5620,1124.0,49.582800000000006,-0.2653730632,169630080000.0,65.1372110953897,13.02744221907794,7.066293332997326,31.92,0.0841663173336251,0.22606984798922455,581889.586424123,443532.787797689,26095.628121982998,49.582800000000006,7.066293332997326,31.92,785.494158117917,1588.9282511210763,0.4385989060487721,1.02121374181883,1.1001147213292573,0.04210261569416499,25.856885903074517,5
US.PATH,2026-05-09,821326.0,821326.0,6330,6330,2132,2132.0,83.803,-0.466544736,5653116998.88,13.618676603898747,13.618676603898747,2.969043151969981,2.969043151969981,0.3570318219044456,0.3570318219044456,383185.321839936,11796.366951688,108172.249677052,83.803,2.969043151969981,2.969043151969981,129.75134281200633,129.75134281200633,0.20305393112410655,0.20305393112410655,0.9907495083755099,0.023809523809523808,22.455472911379214,1
US.PDD,2026-05-09,542523.0,542523.0,1527,1527,19176,19176.0,43.374,-0.357159403,140603102516.36,13.203987603049544,13.203987603049544,0.07963078848560701,0.07963078848560701,0.0028641193524706044,0.0028641193524706044,193767.190793769,66951.427738374,14149.085558634,43.374,0.07963078848560701,0.07963078848560701,355.286836935167,355.286836935167,0.21276595744680857,0.21276595744680857,0.5041714064500663,0.023809523809523808,25.66920688234808,1
US.PEP,2026-05-09,737996.0,737996.0,2102,2102,281,281.0,28.545,-0.202241055,211329716865.3,13.511695038533697,13.511695038533697,7.480427046263345,7.480427046263345,0.16985644060907443,0.16985644060907443,149253.08962578,234997.13126990802,6498.114557675999,28.545,7.480427046263345,7.480427046263345,351.09229305423406,351.09229305423406,0.0943504117108875,0.0943504117108875,0.06380635228421642,0.005076142131979695,26.076685389949073,1
US.PFE,2026-05-09,360112.0,360112.0,18923,18923,61291,61291.0,24.266,-0.178925934,146361726259.92,12.79417315006837,12.79417315006837,0.3087402718180483,0.3087402718180483,0.0022879465108256608,0.0022879465108256608,64433.375944608,8080.453416976,45235.70475336,24.266,0.3087402718180483,0.3087402718180483,19.03038630238334,19.03038630238334,0.375,0.375,0.2786215151370245,0.023809523809523808,25.709346971650163,1
US.PH,2026-05-09,452120.0,452120.0,254,254,11,11.0,33.533,-0.210338678,110808501244.87,13.021705122104398,13.021705122104398,23.09090909090909,23.09090909090909,0.46768792806137915,0.46768792806137915,95098.32309736,613595.56178788,829.57328624,33.533,23.09090909090909,23.09090909090909,1780.0,1780.0,0.0,0.0,0.14713822559826625,0.009433962264150943,25.43106933436206,1
US.PLTR,2026-05-09,26134322.0,2175550.0,59969,8515,267899,8118.151515151515,49.18530303030303,-0.41597215812121213,330349590430.6,443.1820956670454,13.429760474758952,0.8264301205168988,7.836248012718601,0.024970452943618455,0.11562089708593593,10730628.687920155,3803675.749613766,626443.142381488,49.18530303030303,0.8264301205168988,7.836248012718601,798.7693073860358,2617.73851590106,0.4245968846915674,1.1034482758620692,1.7524154828653837,0.06534934603575959,26.523417295620114,33
US.PWR,2026-05-09,518075.0,518075.0,296,296,243,243.0,42.402,-0.261896882,111794811005.0,13.157877228626283,13.157877228626283,1.2181069958847737,1.2181069958847737,0.028617394426492113,0.028617394426492113,135682.22714215,420430.7376999,1598.4276770749998,42.402,1.2181069958847737,1.2181069958847737,1750.2533783783783,1750.2533783783783,0.1857027285430609,0.1857027285430609,0.49717158384694793,0.023809523809523808,25.439930983406025,1
US.QCOM,2026-05-09,26228200.0,3584970.0,27747,3507,12897,477.6666666666667,75.82748148148148,-0.3931506771481481,230920860000.0,366.1481072373724,13.561041008791571,18.603842784659836,202.0,40944.10854096398,1105448.0,11298978.307354268,5276352.702876604,252177.623104697,75.82748148148148,18.603842784659836,202.0,1594.5215589659206,5915.54,0.2440868121791092,0.45388664276451285,2.738205397829816,0.059427279903714846,26.16534089137004,27
US.QQQ,2026-05-09,585680569.0,17647535.0,1130409,40350,1186092,4220.967971530249,22.93534519572954,-0.29254479590391463,,3939.6405180694505,14.02007301804075,155.51287853405935,7665.0,55032.94669883639,3415262.0,186253324.71907955,369968047.955019,8395120.34939112,22.93534519572954,155.51287853405935,7665.0,1040.8262593451414,8932.884120171673,0.238791214721729,0.5337773068967255,1.0099918502338103,0.09367958040621632,0.0,281
US.RCL,2026-05-09,37564528.0,30412536.0,12451,7064,13053,6526.5,52.169,-0.305749386,73817985744.72,33.01326709976599,16.506633549882995,0.9496671780374244,1.0251052096938036,0.10125765345964735,0.1603462608355983,12612615.419266015,20891455.70392388,181310.093157312,52.169,0.9496671780374244,1.0251052096938036,2816.462260977678,4305.285390713477,0.23044600993878567,0.30881898795605944,0.40199388356799104,0.015636105188343994,25.024868248152153,2
US.RKLB,2026-05-09,27118947.0,10089782.0,53361,12696,32437,1621.85,95.44425,-0.2379134809,61040866915.3,271.23753358308335,13.561876679154167,138.90811962353732,1206.0,105790.50884284766,1012341.0,6055262.226083004,2721525.555060162,266785.550121697,95.44425,138.90811962353732,1206.0,663.3394520770373,2259.6897321428573,0.2928799945869879,0.45646363225574216,3.0138434609187157,0.054241742622688674,24.834809426251315,20
US.SCHW,2026-05-09,1858748.0,1078137.0,15475,11795,1900,633.3333333333334,35.654,-0.2630467006666667,154012991467.01,39.63899970519058,13.212999901730193,14.24593790858851,37.44444444444444,0.17189388517932283,0.38626082190014027,509738.72657612,151241.81778309098,88534.83496893902,35.654,14.24593790858851,37.44444444444444,172.09067291325223,224.84559643255295,0.2708853238265003,0.6323529411764706,1.1727319365606081,0.04950615643546816,25.760302795983804,3
US.SHOP,2026-05-09,6256463.0,1533992.0,6242,1815,5445,777.8571428571429,62.40742857142857,-0.6057046988571428,143274045490.1,95.13841749667814,13.59120249952545,19.239039030326126,124.0,1.7675662080973744,11.58998279141382,3707423.500909577,773041.947498952,113350.73859303,62.40742857142857,19.239039030326126,124.0,1207.1234243891497,2644.3937007874015,0.11029776525214605,0.18030874256346974,2.4179195589240066,0.06654446612478385,25.68802503528629,7
US.SLV,2026-05-09,8753561.0,3933267.0,27047,11531,88258,9806.444444444445,51.333555555555556,-0.46777689322222227,,120.63095691694895,13.403439657438772,325.07268201522857,1610.0,147567.66160237655,700648.0,3868926.806904037,696021.875019095,396326.706701251,51.333555555555556,325.07268201522857,1610.0,394.5458625602069,954.9276315789474,0.11196278229200073,0.20702219277906592,1.9778707229862706,0.06778043536034403,0.0,9
US.SMCI,2026-05-09,755809.0,400376.0,3017,2291,10356,5178.0,78.148,-0.46020554150000004,21186256068.36,25.68125673919703,12.840628369598514,5.52924293877101,10.835820895522389,0.8496333255510755,1.6894999134944448,348817.643617976,31554.546706397,49109.930226079,78.148,5.52924293877101,10.835820895522389,353.31263129289005,551.4820936639119,0.4197610849403161,0.7920124699835699,3.2238777155583045,0.06954225352112677,23.776618509772867,2
US.SNDK,2026-05-09,93541664.0,21993070.0,29423,4313,18991,527.5277777777778,121.28611111111111,-0.17939354,231366552513.72,511.6708611985036,14.21307947773621,39.35945764888161,551.0,674216.9614779509,21993070.0,34971621.169547796,63259038.41056478,82334.163057677,121.28611111111111,39.35945764888161,551.0,5119.060079027611,39914.8275862069,0.2832913602714442,0.4387107983667796,6.411624479470484,0.0942899852382611,26.167269097242592,36
US.SNPS,2026-05-09,350000.0,350000.0,200,200,0,0.0,47.243,-0.463889705,98937955704.96,12.765691290604371,12.765691290604371,200.0,200.0,350000.0,350000.0,162361.39674999999,140136.10134999998,2926.2093,47.243,200.0,200.0,1750.0,1750.0,0.0,0.0,1.6717764033900036,0.06666666666666667,25.317758780575367,1
US.STX,2026-05-09,1143880.0,484758.0,1025,525,308,102.66666666666667,79.346,-0.18693866666666667,175490578298.88,38.500045950536716,12.833348650178905,15.382501774198525,29.166666666666668,0.23277931847746094,0.3441045691505673,213249.798464549,400848.839605615,3142.4160866380003,79.346,15.382501774198525,29.166666666666668,1221.0317071205986,1670.0434782608695,0.16420243379602142,0.2591227716358348,4.491900256265951,0.0984848484848485,25.890851193510276,3
US.SYK,2026-05-09,3791077.0,2462800.0,404,204,301,150.5,17.9555,-0.487575123,109330514703.91,28.816203802520924,14.408101901260462,1.3421633554083885,1.3509933774834437,0.441643659412683,0.5751450823787672,1295269.643306142,64851.118826729995,6029.538108936,17.9555,1.3421633554083885,1.3509933774834437,9412.58088235294,12314.0,0.046620046620046644,0.09324009324009329,0.14498352125175812,0.023809523809523808,25.417641376192112,2
US.TER,2026-05-09,1740977.0,1088977.0,731,400,238,119.0,72.896,-0.2324319265,56319173622.74,27.288551574340776,13.644275787170388,200.6953781512605,400.0,326000.06358970475,652000.0,435016.20527090004,1080717.807208773,3738.2648113869996,72.896,200.6953781512605,400.0,2459.9803625377644,3289.960725075529,0.0014525594096798766,0.002905118819359753,0.29596129255827974,0.00844832441565756,24.754300875814614,2
US.TMO,2026-05-09,646420.0,646420.0,2001,2001,1,1.0,34.088,-0.147078356,172803981225.0,13.379206273285075,13.379206273285075,2001.0,2001.0,13.901505376344087,13.901505376344087,95074.39088552,213738.98437934002,3037.4293241600003,34.088,2001.0,2001.0,323.0484757621189,323.0484757621189,0.3714296326560933,0.3714296326560933,0.46923110407206703,0.027777777777777776,25.875423732553276,1
US.TSLA,2026-05-09,362957644.0,30673400.0,411275,25643,312584,2112.054054054054,43.65606081081081,-0.38447543840540543,1608764320142.85,2088.3537054365024,14.110498009706097,132.8822355523548,4738.0,71332.22116805219,4875896.0,166058967.6882601,112835353.22059801,5204769.109197191,43.65606081081081,132.8822355523548,4738.0,1710.0151299599197,17413.914285714287,0.23187326627345597,0.6912779498183415,1.912622095256085,0.07986640613235933,28.106487497227448,148
US.TTD,2026-05-09,2687918.0,1305017.0,10289,3549,22672,7557.333333333333,69.535,-0.525324979,10850100971.88,40.63466085359975,13.544886951199915,0.49848734358627905,0.7130801687763713,0.06022490445285946,0.09251786989649789,1654954.5043833628,56790.858099285004,256230.81158526998,69.535,0.49848734358627905,0.7130801687763713,256.39155871605476,370.1125921724333,0.4203016925274774,0.5508474576271186,2.3286963203355184,0.057539682539682536,23.107440223145797,3
US.TWLO,2026-05-09,723553.0,723553.0,285,285,0,0.0,56.506,-0.377877784,30612787562.0,13.491930459448833,13.491930459448833,285.0,285.0,723553.0,723553.0,273414.604246552,367244.697531025,3684.878158515,56.506,285.0,285.0,2538.782456140351,2538.782456140351,0.011505052635615699,0.011505052635615699,0.16013889856896488,0.006211180124223602,24.144683652826963,1
US.UBER,2026-05-09,691300.0,691300.0,310,310,620,620.0,45.473,-0.96513099,153585945530.85,13.446330608482288,13.446330608482288,0.5,0.5,0.14777998674618953,0.14777998674618953,667195.053387,12411.137029,8881.089622,45.473,0.5,0.5,2230.0,2230.0,0.0,0.0,0.39455811261754786,0.023809523809523808,25.757526153029875,1
US.UNH,2026-05-09,2297781.0,878542.0,2364,838,4329,1082.25,29.0845,-0.357815958,345076710631.92,52.8482033472444,13.2120508368111,157.10680764608455,627.0,133176.26093349693,532705.0,838123.569170869,1050394.091783383,26290.690927298,29.0845,157.10680764608455,627.0,1010.3589233262055,1466.315340909091,0.13792143039133417,0.18613202458462166,0.4604445384349778,0.03209255533199195,26.567032578922387,4
US.UPS,2026-05-09,452225.0,452225.0,311,311,663,663.0,70.649,-0.906076319,85663632797.62,13.02193733385602,13.02193733385602,0.46907993966817496,0.46907993966817496,0.06768098724369226,0.06768098724369226,409750.363359775,10444.6410581,7986.344149199999,70.649,0.46907993966817496,0.46907993966817496,1454.0996784565916,1454.0996784565916,0.020753832764276663,0.020753832764276663,4.607653295471844,0.125,25.173694217744302,1
US.UPWK,2026-05-09,1839718.0,1839718.0,4089,4089,4962,4962.0,223.14,-0.850755117,1089429968.34,14.425123400531376,14.425123400531376,0.8240628778718259,0.8240628778718259,0.4203643838295764,0.4203643838295764,1565149.502337006,4962.5620368439995,165708.108098362,223.14,0.8240628778718259,0.8240628778718259,449.91880655416975,449.91880655416975,0.5249573472155389,0.5249573472155389,16.931656396503673,0.14285714285714285,20.808920432485888,1
US.USO,2026-05-09,9685203.0,2685613.0,15296,5403,20721,1726.75,71.10491666666667,-0.4743506734166667,,160.68008861357566,13.390007384464639,54.01627585813702,328.0,30397.319655003124,364702.0,4471894.485485008,1361581.0083905691,171162.291624963,71.10491666666667,54.01627585813702,328.0,1162.7369005271808,3370.19305019305,0.1477882162602672,0.365132516386435,2.9407448847493125,0.06862105282068261,0.0,12
US.V,2026-05-09,1548705.0,1548705.0,1050,1050,1737,1737.0,24.335,-0.411631775,603937440012.03,14.252930301513846,14.252930301513846,0.6044905008635578,0.6044905008635578,0.027968179115969653,0.027968179115969653,637496.188101375,1151889.0184746902,13255.014538965,24.335,0.6044905008635578,0.6044905008635578,1474.9571428571428,1474.9571428571428,0.10669018592543067,0.10669018592543067,0.07632308135166646,0.007462686567164179,27.12673645337948,1
US.VITL,2026-05-09,2591350.0,2591350.0,4460,4460,30464,30464.0,252.293,-0.918404997,383065178.76,14.767689919300075,14.767689919300075,0.14640231092436976,0.14640231092436976,0.09514843059707104,0.09514843059707104,2379908.78897595,4598.6770851,133342.37914605002,252.293,0.14640231092436976,0.14640231092436976,581.0201793721973,581.0201793721973,0.09306569343065706,0.09306569343065706,18.065998131437272,0.14285714285714285,19.763715714806576,1
US.VRT,2026-05-09,2327361.0,684589.0,1677,723,2793,698.25,67.138,-0.26327264125,130585474175.52,52.97119609032025,13.242799022580062,3.8808771299580123,10.632352941176471,0.1754326421291662,0.38376859044123796,627090.139573811,1083730.3336429861,9505.442200154,67.138,3.8808771299580123,10.632352941176471,1694.9775550879501,3069.877828054299,0.09535221846270583,0.15786772040948746,0.8523655062684066,0.024537433801393192,25.595293823839675,4
US.VST,2026-05-09,6358042.0,1726455.0,11366,6691,19135,2733.5714285714284,51.027142857142856,-0.37907221071428576,49781640000.0,95.06681510853501,13.580973586933572,1.51677561578783,4.548606390210741,0.09387073897528496,0.47391114166093856,2559825.630801068,1596012.881661359,70738.560946212,51.027142857142856,1.51677561578783,4.548606390210741,1035.4949172162221,1740.3780241935483,0.17188111777832948,0.3034883720930232,0.41266254574295785,0.01664203347777051,24.630912078321085,7
US.VZ,2026-05-09,735534.0,735534.0,2953,2953,6152,6152.0,25.514,-0.431943879,197169891730.2,13.508353404567151,13.508353404567151,0.4800065019505852,0.4800065019505852,0.025319810047207302,0.025319810047207302,317709.409096386,81862.90633276201,41008.372002198,25.514,0.4800065019505852,0.4800065019505852,249.08025736539113,249.08025736539113,0.08527462304740485,0.08527462304740485,0.08011393417894457,0.007462686567164179,26.007331588610473,1
US.WBD,2026-05-09,1125500.0,1125500.0,25014,25014,74275,74275.0,41.432,-0.116091753,67968475991.22,13.933738827822532,13.933738827822532,0.33677549646583643,0.33677549646583643,0.005589504643497743,0.005589504643497743,130661.26800150001,35947.3703865,32517.826697,41.432,0.33677549646583643,0.33677549646583643,44.99480291037019,44.99480291037019,0.45896328293736494,0.45896328293736494,0.14638741454301843,0.007462686567164179,24.942309846282512,1
US.WDAY,2026-05-09,488927.0,488927.0,1066,1066,435,435.0,63.707,-0.379319848,31917303984.33,13.09997051835244,13.09997051835244,2.4505747126436783,2.4505747126436783,0.08792694320132431,0.08792694320132431,185459.715323096,32617.154768389,16667.015879481998,63.707,2.4505747126436783,2.4505747126436783,458.65572232645405,458.65572232645405,0.9523809523809521,0.9523809523809521,4.737263326210496,0.125,24.18641414434847,1
US.WDC,2026-05-09,4100693.0,2035000.0,3243,1158,960,160.0,85.3215,-0.21065790250000002,165447422880.0,78.96984669462631,13.161641115771053,4.2046952013951,7.341463414634147,0.23575942460300656,1.0340447154471544,1080848.3834507528,2719018.867760927,10154.370706043,85.3215,4.2046952013951,7.341463414634147,2005.5416574070189,6760.797342192691,0.14542103586856434,0.2446157358584925,3.695009313442211,0.07528779263853891,25.831919294770838,6
US.WFC,2026-05-09,7414658.0,1857289.0,65301,27981,41016,5859.428571428572,31.14685714285714,-0.35230528457142857,231472733326.16,96.24921594430197,13.749887992043138,2.5176843039288,7.537452537107352,0.060915830080415526,0.24215308786455514,2593936.061104896,873441.648335347,313024.02954283496,31.14685714285714,2.5176843039288,7.537452537107352,225.32324206695108,426.4727898966705,0.7905236799290467,2.8000000000000003,0.4963901634755001,0.029967577571255587,26.167727920931725,7
US.WHR,2026-05-09,2075421.0,1385195.0,13849,11668,12582,6291.0,56.1755,-0.5128757425,2914447520.16,27.586128011813408,13.793064005906704,1.1690593645433913,2.0172890733056708,0.03593180127656879,0.045321414137924176,1360084.5977357542,26373.721200328,71477.4888971,56.1755,1.1690593645433913,2.0172890733056708,347.1373396587256,635.1192113709308,0.7263966680214622,0.7881206873224192,2.0263480946602415,0.08362369337979093,21.792946109166646,2
US.WMS,2026-05-09,300650.0,300650.0,859,859,7,7.0,52.869,-0.255014285,11154647772.0,12.61370540258891,12.61370540258891,122.71428571428571,122.71428571428571,2.999301675977654,2.999301675977654,76670.04478525001,45981.6587356,3838.8188587,52.869,122.71428571428571,122.71428571428571,350.0,350.0,0.0,0.0,0.6331876634847998,0.024390243902439025,23.13512208862642,1
US.XOM,2026-05-09,781613.0,781613.0,2276,2276,5453,5453.0,30.994,-0.345988084,599235011210.34,13.569116291525727,13.569116291525727,0.4173849257289565,0.4173849257289565,0.009914666156633061,0.009914666156633061,270428.78429949196,139268.503883635,19328.809579618,30.994,0.4173849257289565,0.4173849257289565,343.4152021089631,343.4152021089631,0.21241830065359474,0.21241830065359474,0.3550951071381699,0.023809523809523808,27.118919697367925,1
US.XYZ,2026-05-09,899764.0,899764.0,1623,1623,762,762.0,50.354,-0.298312764,44549297850.0,13.709888897099896,13.709888897099896,2.12992125984252,2.12992125984252,0.15775452918084637,0.15775452918084637,268411.085787696,140776.836102776,13819.483373876,50.354,2.12992125984252,2.12992125984252,554.3832409118916,554.3832409118916,0.08997989511718471,0.08997989511718471,0.17502981310194482,0.007462686567164179,24.51986222981871,1
